policy,segment,arm,estimate,ci_low,ci_high,valid,rep
thompson,0,1,0.07713444832612837,-0.07028372417971815,0.2245526208319749,True,0
thompson,0,2,0.10833521948806459,-0.06099121053461949,0.2776616495107487,True,0
thompson,0,3,0.2171117088178119,0.06585349200366034,0.36836992563196347,True,0
thompson,1,1,0.19811411238805135,0.048999148046577706,0.34722907672952497,True,0
thompson,1,2,0.0984293437418771,-0.08433757143065627,0.28119625891441047,True,0
thompson,1,3,0.1429556330022301,-0.01622546166320077,0.302136727667661,True,0
thompson,2,1,0.29588671952076984,0.05496496142038318,0.5368084776211565,True,0
thompson,2,2,0.03967057823784429,-0.21191050765782135,0.29125166413350995,True,0
thompson,2,3,0.032997443026060246,-0.21364002049957603,0.27963490655169654,True,0
thompson,0,1,0.15049431488924989,0.046823486029631475,0.2541651437488683,True,1
thompson,0,2,0.22247668400489876,0.11315319261295603,0.3318001753968415,True,1
thompson,0,3,0.2862618613957282,0.14566741422122537,0.426856308570231,True,1
thompson,1,1,0.2847310961505284,0.16390574442463893,0.40555644787641787,True,1
thompson,1,2,0.2635388692418846,0.12909411911924848,0.39798361936452065,True,1
thompson,1,3,0.17115615203244278,0.019672935653567813,0.32263936841131774,True,1
thompson,2,1,0.11818801702879059,-0.16757656730766582,0.403952601365247,True,1
thompson,2,2,-0.0866235960807637,-0.3853184501281266,0.2120712579665992,True,1
thompson,2,3,-0.12148885783473086,-0.440564890784131,0.19758717511466933,True,1
thompson,0,1,0.029845722870010537,-0.07199825640099942,0.1316897021410205,True,2
thompson,0,2,0.15245124978831634,0.050301137823725764,0.25460136175290693,True,2
thompson,0,3,0.18273807910508827,0.06427481209948321,0.3012013461106933,True,2
thompson,1,1,0.24490298592946,0.1111000371517755,0.37870593470714453,True,2
thompson,1,2,0.18527831050315846,0.06604037862990313,0.3045162423764138,True,2
thompson,1,3,0.1731365015450859,0.027174809195554955,0.3190981938946168,True,2
thompson,2,1,0.24700869917779858,0.023274034591162812,0.4707433637644344,True,2
thompson,2,2,0.034598454425823356,-0.16143713337538326,0.23063404222702996,True,2
thompson,2,3,-0.0854403071215553,-0.3101790107149711,0.13929839647186054,True,2
thompson,0,1,0.14312729202830093,0.01747928494350312,0.2687752991130987,True,3
thompson,0,2,0.19611426200427248,0.05833809745310195,0.333890426555443,True,3
thompson,0,3,0.22097819226817858,0.06886049903657293,0.37309588549978423,True,3
thompson,1,1,0.2640408742473319,0.09868455011271893,0.4293971983819449,True,3
thompson,1,2,0.1938423716245153,0.023592892355629502,0.36409185089340107,True,3
thompson,1,3,0.09079019641309037,-0.09870455666104451,0.28028494948722527,True,3
thompson,2,1,0.26095347411909636,0.05949585973145102,0.46241108850674173,True,3
thompson,2,2,-0.0023859420196020676,-0.2228404888754379,0.21806860483623375,True,3
thompson,2,3,0.0751126247153951,-0.15094093778782958,0.30116618721861976,True,3
thompson,0,1,0.013544488316605345,-0.08988777196165211,0.1169767485948628,True,4
thompson,0,2,0.13567975292799328,0.02165793017965574,0.24970157567633083,True,4
thompson,0,3,0.09311506204160079,-0.03043599900021217,0.21666612308341376,True,4
thompson,1,1,0.13760454433089603,-0.0218906662143378,0.29709975487612983,True,4
thompson,1,2,0.14164302605792609,-0.023179246023936284,0.30646529813978846,True,4
thompson,1,3,0.028566254566914636,-0.14999099292046458,0.20712350205429386,True,4
thompson,2,1,0.5084455945188242,0.36776213487996023,0.6491290541576882,True,4
thompson,2,2,0.3120363100408224,0.15368980451606035,0.4703828155655844,True,4
thompson,2,3,0.15997744371081532,-0.0042041341961043255,0.32415902161773497,True,4
thompson,0,1,0.11733348759145093,-0.0069460603260273895,0.24161303550892926,True,5
thompson,0,2,0.1503207811974262,0.004740433945541744,0.29590112844931066,True,5
thompson,0,3,0.2598300734814228,0.11290164436561734,0.40675850259722823,True,5
thompson,1,1,0.27475639260961665,0.15163975750153946,0.39787302771769384,True,5
thompson,1,2,0.2170260164897969,0.05802435015869317,0.37602768282090065,True,5
thompson,1,3,0.20158743747374014,0.056131248552812985,0.3470436263946673,True,5
thompson,2,1,0.15984640711476722,-0.05007281989097842,0.3697656341205129,True,5
thompson,2,2,-0.06480311841302515,-0.3105719354738336,0.18096569864778334,True,5
thompson,2,3,-0.23375084073862704,-0.475868115138512,0.008366433661257971,True,5
thompson,0,1,0.06037887449007208,-0.06190460054842424,0.1826623495285684,True,6
thompson,0,2,0.12332838478489684,-0.0030773459767053507,0.24973411554649905,True,6
thompson,0,3,0.15865822023187764,0.02467204113648136,0.29264439932727393,True,6
thompson,1,1,0.16899844991500487,0.049127480635558815,0.2888694191944509,True,6
thompson,1,2,0.1501914231522125,0.022191575915063627,0.2781912703893614,True,6
thompson,1,3,0.13784730704686654,-0.0103307612366563,0.2860253753303894,True,6
thompson,2,1,0.29423315219840607,0.12552830470574525,0.46293799969106686,True,6
thompson,2,2,0.10685781873769441,-0.07008956931200695,0.2838052067873958,True,6
thompson,2,3,-0.08007204424204485,-0.2780114027726054,0.11786731428851567,True,6
thompson,0,1,0.0459375607655053,-0.07102341098491535,0.16289853251592595,True,7
thompson,0,2,0.11900740068412537,0.0017493744926141974,0.23626542687563654,True,7
thompson,0,3,0.14084363881334325,-0.027942578128418383,0.3096298557551049,True,7
thompson,1,1,0.13556470287194813,0.0020853937425590885,0.2690440120013372,True,7
thompson,1,2,0.10952122262912992,-0.02259434913148259,0.24163679438974242,True,7
thompson,1,3,-0.01032593382068608,-0.1977475798730504,0.17709571223167822,True,7
thompson,2,1,0.3962789916980857,0.1875709322678237,0.6049870511283477,True,7
thompson,2,2,0.1999529780629593,0.0007322281397852404,0.3991737279861334,True,7
thompson,2,3,0.06354095189201857,-0.20488131166289514,0.3319632154469323,True,7
thompson,0,1,0.0898415557882342,-0.028743655468530527,0.20842676704499893,True,8
thompson,0,2,0.13116558777033446,0.0018457201195412887,0.26048545542112767,True,8
thompson,0,3,0.06527379593130289,-0.08030878203324357,0.21085637389584935,True,8
thompson,1,1,0.17595396428606644,0.016513734102844013,0.33539419446928886,True,8
thompson,1,2,0.11575340695875365,-0.0642766559533814,0.2957834698708887,True,8
thompson,1,3,0.01729678304617254,-0.1914804130556185,0.2260739791479636,True,8
thompson,2,1,0.24955716805260256,-0.01538325994042819,0.5144975960456333,True,8
thompson,2,2,0.07222138081390508,-0.2036366372876415,0.3480793989154517,True,8
thompson,2,3,-0.030343664129746865,-0.3515061025921747,0.29081877433268094,True,8
thompson,0,1,0.03270229358662704,-0.07756041907676328,0.14296500625001737,True,9
thompson,0,2,0.10301076099208316,-0.013628817111241226,0.21965033909540754,True,9
thompson,0,3,0.1747755054953589,0.057977646262902374,0.2915733647278154,True,9
thompson,1,1,0.1500027184608389,0.00908034791298687,0.29092508900869096,True,9
thompson,1,2,0.11277905395307063,-0.037838097621749264,0.2633962055278905,True,9
thompson,1,3,0.06052734144664176,-0.09090090229160205,0.21195558518488558,True,9
thompson,2,1,0.38252620565720047,0.2014139542854827,0.5636384570289182,True,9
thompson,2,2,0.040557083089223823,-0.15976882246288515,0.24088298864133278,True,9
thompson,2,3,0.04981901846851871,-0.14886459178599004,0.24850262872302747,True,9
thompson,0,1,0.05549000611774821,-0.060563953434657564,0.17154396567015398,True,10
thompson,0,2,0.16738696214391363,0.08390669799041026,0.250867226297417,True,10
thompson,0,3,0.14374950107582937,-0.04562652823599503,0.3331255303876538,True,10
thompson,1,1,0.018105969704924178,-0.1663170875460992,0.20252902695594754,True,10
thompson,1,2,0.08959267799440788,-0.028246344558932462,0.20743170054774823,True,10
thompson,1,3,-0.002674761106010036,-0.18788446480265697,0.1825349425906369,True,10
thompson,2,1,0.270696533553931,0.034853943863284,0.506539123244578,True,10
thompson,2,2,0.07735336956300155,-0.12621343241142602,0.2809201715374291,True,10
thompson,2,3,-0.018661035545466803,-0.3249693110630636,0.28764723997213004,True,10
thompson,0,1,0.11461398839870514,-0.01667498263466781,0.24590295943207807,True,11
thompson,0,2,0.2012584015116945,0.054319051766078236,0.3481977512573108,True,11
thompson,0,3,0.10620881156531,-0.06900294841847078,0.2814205715490908,True,11
thompson,1,1,0.17765641837643262,0.022796020290070412,0.33251681646279485,True,11
thompson,1,2,0.1633039115104351,0.0005403931928822381,0.326067429827988,True,11
thompson,1,3,0.14853285526984988,-0.04718591262566085,0.3442516231653606,True,11
thompson,2,1,0.4957616101025485,0.2788481577847173,0.7126750624203797,True,11
thompson,2,2,0.24035569661088524,-0.00990189795918428,0.49061329118095476,True,11
thompson,2,3,0.08644738921323726,-0.18925394903808723,0.3621487274645617,True,11
thompson,0,1,0.0914502040358395,-0.025897857009279976,0.208798265080959,True,12
thompson,0,2,0.10653693993989358,-0.030701676688937474,0.24377555656872463,True,12
thompson,0,3,0.1994636829714095,0.07362608639897139,0.32530127954384763,True,12
thompson,1,1,0.18906906149003744,0.022190120302845145,0.3559480026772297,True,12
thompson,1,2,0.051334138682402226,-0.13699504964938816,0.2396633270141926,True,12
thompson,1,3,0.10947742821853883,-0.06700103316773397,0.2859558896048116,True,12
thompson,2,1,0.2792340472463511,0.029449195110814008,0.5290188993818882,True,12
thompson,2,2,0.12515587682664098,-0.15083243612115194,0.4011441897744339,True,12
thompson,2,3,0.05182842578993116,-0.20676374763448804,0.3104205992143504,True,12
thompson,0,1,0.08769327115941301,-0.01295448820991875,0.1883410305287448,True,13
thompson,0,2,0.14119741617240145,0.01932984775606135,0.26306498458874156,True,13
thompson,0,3,0.2573379081759947,0.1273786093355734,0.387297207016416,True,13
thompson,1,1,0.15725469118168425,-0.007887578362177766,0.32239696072554624,True,13
thompson,1,2,0.05171160837814368,-0.1397230916814052,0.24314630843769255,True,13
thompson,1,3,-0.02227740320229775,-0.21006456696062575,0.16550976055603023,True,13
thompson,2,1,0.34023450233605157,0.17529893036651248,0.5051700743055907,True,13
thompson,2,2,0.11587085193009658,-0.08860015093320409,0.3203418547933973,True,13
thompson,2,3,-0.023692532942211887,-0.2183158427895285,0.17093077690510475,True,13
thompson,0,1,0.04759838465789113,-0.05660640513650531,0.15180317445228758,True,14
thompson,0,2,0.1207627987036778,0.0008435908095070777,0.24068200659784852,True,14
thompson,0,3,0.2338924676370019,0.09778967840773994,0.36999525686626383,True,14
thompson,1,1,0.19071825044495375,0.04841052619053579,0.3330259746993717,True,14
thompson,1,2,0.14759641157428938,-0.015215616600678883,0.31040843974925764,True,14
thompson,1,3,0.1237246752135602,-0.04174462139162413,0.2891939718187445,True,14
thompson,2,1,0.2349799811024451,-0.031746270355989537,0.5017062325608798,True,14
thompson,2,2,0.1050844667449969,-0.1935128198954823,0.40368175338547607,True,14
thompson,2,3,-0.08348137772332442,-0.38609746733192485,0.219134711885276,True,14
thompson,0,1,0.08491564753957886,-0.04491963033335497,0.2147509254125127,True,15
thompson,0,2,0.20536521377546735,0.08250193119228813,0.3282284963586466,True,15
thompson,0,3,0.25560801111370823,0.12582006128253342,0.38539596094488304,True,15
thompson,1,1,0.18657694493953125,0.054427420798347115,0.3187264690807154,True,15
thompson,1,2,0.17324210592115888,0.04758492664467015,0.29889928519764764,True,15
thompson,1,3,0.06845838885849373,-0.06327920785064323,0.20019598556763069,True,15
thompson,2,1,0.3636669310868608,0.14551443510887052,0.5818194270648511,True,15
thompson,2,2,0.07453405074480285,-0.13493838612675,0.2840064876163557,True,15
thompson,2,3,0.013321798642930033,-0.20181596427476114,0.22845956156062122,True,15
thompson,0,1,-0.018263284561406943,-0.1541166726284546,0.11759010350564073,True,16
thompson,0,2,0.0747175350306558,-0.08171941314197036,0.23115448320328197,True,16
thompson,0,3,0.09663597390082539,-0.04736978029531198,0.24064172809696277,True,16
thompson,1,1,0.22124401073698835,0.05331259280220957,0.38917542867176713,True,16
thompson,1,2,0.13747364580513854,-0.04223292760845562,0.31718021921873274,True,16
thompson,1,3,0.10373206611414147,-0.0733308746538242,0.2807950068821071,True,16
thompson,2,1,0.3742182305753646,0.13210551959077435,0.6163309415599548,True,16
thompson,2,2,0.2217053529484493,-0.039271272175793986,0.48268197807269264,True,16
thompson,2,3,0.06696611918617261,-0.19019914196504972,0.32413138033739497,True,16
thompson,0,1,0.0942457259702167,-0.053115420929153265,0.24160687286958665,True,17
thompson,0,2,0.10737271279060902,-0.04233572356425648,0.25708114914547453,True,17
thompson,0,3,0.08123034280496091,-0.11011120003120867,0.2725718856411305,True,17
thompson,1,1,0.26068325635597145,0.12479220984436823,0.39657430286757467,True,17
thompson,1,2,0.2511633312587032,0.10623213151611013,0.3960945310012963,True,17
thompson,1,3,0.0711938380923747,-0.11137399340549084,0.25376166959024027,True,17
thompson,2,1,0.2357077647671713,-0.04238966192364435,0.513805191457987,True,17
thompson,2,2,0.14431157449616577,-0.13170932637019095,0.4203324753625225,True,17
thompson,2,3,-0.06089196522992713,-0.3605176590834555,0.23873372862360126,True,17
thompson,0,1,0.05551070419903224,-0.07101474462318015,0.18203615302124465,True,18
thompson,0,2,0.08890283966996232,-0.044754515515034066,0.2225601948549587,True,18
thompson,0,3,0.0680953175177498,-0.0906276146123434,0.226818249647843,True,18
thompson,1,1,0.2666417196644898,0.11588626733803442,0.41739717199094517,True,18
thompson,1,2,0.17378589708167966,0.0010211188373910052,0.3465506753259683,True,18
thompson,1,3,0.18589673976122445,-0.01158248215557861,0.3833759616780275,True,18
thompson,2,1,0.46241058630839843,0.28132471692819105,0.6434964556886058,True,18
thompson,2,2,0.2614047366256605,0.053084278832594256,0.46972519441872673,True,18
thompson,2,3,0.16571831777666152,-0.1160386595745827,0.44747529512790574,True,18
thompson,0,1,0.036792006211062676,-0.06966430758903036,0.14324832001115573,True,19
thompson,0,2,0.14237219793742337,0.04419492548206731,0.2405494703927794,True,19
thompson,0,3,0.1707128982042379,0.0675673056749375,0.2738584907335383,True,19
thompson,1,1,0.1852104482726686,0.026237964231737354,0.34418293231359987,True,19
thompson,1,2,0.12227794513731817,-0.022061979838915516,0.26661787011355187,True,19
thompson,1,3,0.08868624273255528,-0.059334435082259315,0.23670692054736986,True,19
thompson,2,1,0.29185777636994287,0.11604165348067466,0.4676738992592111,True,19
thompson,2,2,0.1064595786491128,-0.05740816980207515,0.2703273271003008,True,19
thompson,2,3,-0.02320079201397004,-0.1920311841808635,0.14562960015292342,True,19
thompson,0,1,0.10869067270039076,-0.005594742420121021,0.22297608782090256,True,20
thompson,0,2,0.1640892436526377,0.03320692484846094,0.29497156245681444,True,20
thompson,0,3,0.1994201516156547,0.03801369654866843,0.360826606682641,True,20
thompson,1,1,0.06769614937499549,-0.11825328350353712,0.25364558225352807,True,20
thompson,1,2,0.01734601333305063,-0.18485202609953016,0.21954405276563144,True,20
thompson,1,3,-0.07775562090141806,-0.30606362184949226,0.15055238004665616,True,20
thompson,2,1,0.2720945490747991,0.08222567210073947,0.46196342604885865,True,20
thompson,2,2,0.1181768449148453,-0.1098104246880786,0.3461641145177692,True,20
thompson,2,3,-0.04261812328817577,-0.297464730162887,0.21222848358653545,True,20
thompson,0,1,0.22310997464677354,0.12760673285396273,0.31861321643958435,True,21
thompson,0,2,0.28255704508212887,0.15723369255683833,0.4078803976074194,True,21
thompson,0,3,0.3402449616558893,0.20957542023284476,0.47091450307893384,True,21
thompson,1,1,0.24366047674047514,0.09985777062960732,0.38746318285134296,True,21
thompson,1,2,0.09410445288461308,-0.08283461346421706,0.2710435192334432,True,21
thompson,1,3,0.17860669870869925,-0.009050009545618132,0.3662634069630166,True,21
thompson,2,1,0.3405998624136773,0.06571567596244587,0.6154840488649087,True,21
thompson,2,2,0.2438960954017874,-0.04513463763573247,0.5329268284393073,True,21
thompson,2,3,-0.08718653791067275,-0.37700994870439786,0.20263687288305232,True,21
thompson,0,1,0.04649524944272752,-0.06600867955629805,0.15899917844175307,True,22
thompson,0,2,0.11906366223630056,-0.026004451924745417,0.26413177639734653,True,22
thompson,0,3,0.22740953059473432,0.08824603461792471,0.3665730265715439,True,22
thompson,1,1,0.14408985288094014,-0.023954677798392138,0.31213438356027245,True,22
thompson,1,2,0.09069905133091867,-0.10632653654799419,0.28772463920983155,True,22
thompson,1,3,0.055406505787234335,-0.12121956856355812,0.23203258013802677,True,22
thompson,2,1,0.3213389471705057,0.0877113581026003,0.5549665362384111,True,22
thompson,2,2,0.15198377817444247,-0.13023343367663043,0.4342009900255154,True,22
thompson,2,3,0.10059770509500855,-0.14095449796898818,0.3421499081590053,True,22
thompson,0,1,0.18707472403260425,0.11202655434878779,0.2621228937164207,True,23
thompson,0,2,0.3180821555751335,0.18680620331172526,0.4493581078385417,True,23
thompson,0,3,0.30842417541181033,0.18423343425359756,0.4326149165700231,True,23
thompson,1,1,0.16409698742085918,-0.011103750360383052,0.33929772520210144,True,23
thompson,1,2,0.06584691930426764,-0.13955377250283033,0.27124761111136564,True,23
thompson,1,3,0.07799113878000405,-0.12496850163546891,0.280950779195477,True,23
thompson,2,1,0.38219625156447934,0.15216858811693992,0.6122239150120188,True,23
thompson,2,2,0.16870632244413156,-0.09582608142564339,0.4332387263139065,True,23
thompson,2,3,0.008075527209545188,-0.2633612479836943,0.2795123024027847,True,23
thompson,0,1,-0.0036134020673174614,-0.11500966261796441,0.1077828584833295,True,24
thompson,0,2,0.12271504464087886,-0.00886062250412574,0.25429071178588347,True,24
thompson,0,3,0.12685101461171605,-0.007013271326967663,0.26071530055039976,True,24
thompson,1,1,0.17699693551910345,0.034299182057838884,0.319694688980368,True,24
thompson,1,2,0.12688554601211938,-0.036629057530010944,0.2904001495542497,True,24
thompson,1,3,0.160503127369836,-0.01518089789413371,0.3361871526338057,True,24
thompson,2,1,0.17318579529713427,-0.002353873010183194,0.3487254636044517,True,24
thompson,2,2,-0.0977691719834088,-0.2928740146321917,0.09733567066537412,True,24
thompson,2,3,-0.1525629814403081,-0.34623487892908755,0.041108916048471306,True,24
thompson,0,1,0.018078750011655882,-0.0932028912979323,0.12936039132124408,True,25
thompson,0,2,0.08636087699049977,-0.027319489052498827,0.20004124303349835,True,25
thompson,0,3,0.13665385820280262,0.0013804270843756905,0.27192728932122956,True,25
thompson,1,1,0.16438218544946478,0.04639272328719979,0.2823716476117298,True,25
thompson,1,2,0.11913500079277263,-0.0048071455031326316,0.2430771470886779,True,25
thompson,1,3,0.11103163366632285,-0.04769041466065013,0.26975368199329586,True,25
thompson,2,1,0.4680282820800449,0.3293684610407165,0.6066881031193733,True,25
thompson,2,2,0.24378048961720877,0.09193933062086332,0.3956216486135542,True,25
thompson,2,3,0.23314799262887534,0.053324972945063276,0.4129710123126874,True,25
thompson,0,1,0.017689233755572877,-0.0937226379844381,0.12910110549558385,True,26
thompson,0,2,0.12403207925638905,-0.005536485558714735,0.25360064407149285,True,26
thompson,0,3,0.10188810776031963,-0.03497061042510223,0.23874682594574148,True,26
thompson,1,1,0.2200431559085795,0.07179879336414541,0.3682875184530136,True,26
thompson,1,2,0.17235195778434842,0.008730172497088295,0.33597374307160854,True,26
thompson,1,3,0.059047223742747346,-0.10562207024062592,0.2237165177261206,True,26
thompson,2,1,0.32378576852539004,0.15567052304478396,0.4919010140059961,True,26
thompson,2,2,0.10051661086837177,-0.08422778631552172,0.2852610080522653,True,26
thompson,2,3,0.033456414506657914,-0.1610592184736932,0.227972047487009,True,26
thompson,0,1,0.08315514027686331,-0.014249544257208965,0.18055982481093558,True,27
thompson,0,2,0.17399767578877876,0.06359104187912933,0.28440430969842817,True,27
thompson,0,3,0.245190953417119,0.13284295058707127,0.3575389562471667,True,27
thompson,1,1,0.1966737353565674,0.06118537546676142,0.3321620952463734,True,27
thompson,1,2,0.12355156890564588,-0.021230959966859073,0.2683340977781508,True,27
thompson,1,3,0.08716483378234256,-0.056882351974247417,0.23121201953893256,True,27
thompson,2,1,0.2119418959034647,0.05341814592359523,0.3704656458833342,True,27
thompson,2,2,0.026073289830841086,-0.14600796961636395,0.19815454927804613,True,27
thompson,2,3,-0.0592223809790673,-0.22890062839347186,0.11045586643533728,True,27
thompson,0,1,0.012217677107860841,-0.11781605913167603,0.14225141334739771,True,28
thompson,0,2,0.08666145671582154,-0.05152107505140427,0.22484398848304735,True,28
thompson,0,3,0.15951711407281374,0.027817718677929426,0.29121650946769806,True,28
thompson,1,1,0.15715621436164393,-0.009082740023564628,0.3233951687468525,True,28
thompson,1,2,0.060906154614676834,-0.11478922614612633,0.23660153537547998,True,28
thompson,1,3,0.03431928122641816,-0.13251084934802854,0.20114941180086487,True,28
thompson,2,1,0.4068233123602037,0.21799751906775952,0.5956491056526478,True,28
thompson,2,2,0.3042304618508727,0.10910447629855669,0.49935644740318874,True,28
thompson,2,3,0.1931554987328759,0.0021459066749260902,0.3841650907908257,True,28
thompson,0,1,0.09148674392145892,-0.01824599848461124,0.20121948632752906,True,29
thompson,0,2,0.17016871934539682,0.05751947193503347,0.28281796675576015,True,29
thompson,0,3,0.25760353844207223,0.14237060865689766,0.3728364682272468,True,29
thompson,1,1,0.034857739430034784,-0.11150704790157465,0.18122252676164421,True,29
thompson,1,2,0.00292947848395631,-0.1485651038028984,0.154424060770811,True,29
thompson,1,3,-0.01770181137356281,-0.17179562283588626,0.13639200008876065,True,29
thompson,2,1,0.3637187377051242,0.1463782389947076,0.5810592364155408,True,29
thompson,2,2,0.20131852839726622,-0.006534022419991736,0.40917107921452417,True,29
thompson,2,3,0.09459882763817205,-0.12032607269413122,0.30952372797047534,True,29
thompson,0,1,0.07283527790303118,-0.07585389892640784,0.2215244547324702,True,30
thompson,0,2,0.17809582939264532,0.0197180029584674,0.3364736558268232,True,30
thompson,0,3,0.03848645738155912,-0.15086762381186378,0.22784053857498202,True,30
thompson,1,1,0.27434020731902187,0.12166902175893518,0.42701139287910855,True,30
thompson,1,2,0.15341264443254238,-0.0033675586821936554,0.3101928475472784,True,30
thompson,1,3,0.2082163659099053,0.004937700328188438,0.41149503149162214,True,30
thompson,2,1,0.27566887579875904,0.05995000818297769,0.4913877434145404,True,30
thompson,2,2,0.06032658574292788,-0.17162278988149596,0.29227596136735173,True,30
thompson,2,3,-0.012982622426020992,-0.2639316544873035,0.2379664096352615,True,30
thompson,0,1,0.13281095526495773,0.02411723313732264,0.24150467739259282,True,31
thompson,0,2,0.17146203721560185,0.03944066887800446,0.30348340555319925,True,31
thompson,0,3,0.2686136389303618,0.14959228507720335,0.3876349927835202,True,31
thompson,1,1,0.1403572305523005,-0.04709656282723773,0.32781102393183875,True,31
thompson,1,2,0.16857491400297528,-0.03322920470911356,0.3703790327150641,True,31
thompson,1,3,0.10554366300789433,-0.0882851737720288,0.29937249978781744,True,31
thompson,2,1,0.37208832904491457,0.1509270093291039,0.5932496487607253,True,31
thompson,2,2,0.09582525352035773,-0.1543340151258513,0.3459845221665667,True,31
thompson,2,3,0.06660509461796245,-0.16366861369940777,0.29687880293533264,True,31
thompson,0,1,0.14553591101954416,0.04251431643131626,0.24855750560777207,True,32
thompson,0,2,0.1906909683164596,0.0371312287905422,0.344250707842377,True,32
thompson,0,3,0.3520532059745828,0.20087776688186504,0.5032286450673005,True,32
thompson,1,1,0.15748553485007635,0.00680841723629666,0.30816265246385605,True,32
thompson,1,2,0.07842296185435375,-0.12899624157042883,0.28584216527913636,True,32
thompson,1,3,-0.05068234848582641,-0.2340587062808459,0.13269400930919312,True,32
thompson,2,1,0.2260559062662784,0.028607700839091227,0.4235041116934656,True,32
thompson,2,2,0.007641870421763747,-0.26990020914949886,0.2851839499930263,True,32
thompson,2,3,-0.05533004902690491,-0.3237837214949564,0.21312362344114655,True,32
thompson,0,1,-0.004896346628442546,-0.13314521079027744,0.12335251753339235,True,33
thompson,0,2,0.10691456081307331,-0.02948923702162838,0.243318358647775,True,33
thompson,0,3,0.0947328337670538,-0.05625369247514364,0.24571936000925124,True,33
thompson,1,1,0.28851052300792723,0.17097753544455072,0.4060435105713037,True,33
thompson,1,2,0.18168385381855065,0.056235166478958626,0.3071325411581427,True,33
thompson,1,3,0.1346659295889627,-0.0017083113088450785,0.2710401704867705,True,33
thompson,2,1,0.1854265885372223,-0.0023328860076627933,0.3731860630821074,True,33
thompson,2,2,-0.05015477286904007,-0.2487065548897633,0.14839700915168313,True,33
thompson,2,3,-0.13217434601206102,-0.3407561046848725,0.07640741266075043,True,33
thompson,0,1,0.07635401486914656,-0.04376710689056976,0.19647513662886287,True,34
thompson,0,2,0.08165276731531804,-0.07164558234336024,0.23495111697399632,True,34
thompson,0,3,0.20622482191002914,0.07707222119965967,0.3353774226203986,True,34
thompson,1,1,0.27115234613842526,0.1437949700349014,0.39850972224194914,True,34
thompson,1,2,0.2062646157148565,0.044299542471301634,0.36822968895841135,True,34
thompson,1,3,0.15659402881830062,0.016815186093188994,0.29637287154341224,True,34
thompson,2,1,0.1632677360831055,-0.09227546147894597,0.418810933645157,True,34
thompson,2,2,-0.014846123072377223,-0.30165261931290904,0.27196037316815463,True,34
thompson,2,3,-0.10879479336986915,-0.3629226926768382,0.14533310593709992,True,34
thompson,0,1,0.028940231235851915,-0.08776937131356895,0.14564983378527277,True,35
thompson,0,2,-0.1091559195464793,-0.25777337633375164,0.03946153724079304,True,35
thompson,0,3,0.12022934103123419,-0.029124399973591356,0.26958308203605974,True,35
thompson,1,1,0.16071504325037503,0.012721048419233744,0.3087090380815163,True,35
thompson,1,2,0.08872490542010172,-0.12435709431001049,0.3018069051502139,True,35
thompson,1,3,0.10674805753373207,-0.09162192292695051,0.3051180379944146,True,35
thompson,2,1,0.28742633755028274,0.05006352494530994,0.5247891501552555,True,35
thompson,2,2,0.08538395987695094,-0.2245007577497374,0.39526867750363925,True,35
thompson,2,3,-0.12435124481176867,-0.4040932366872596,0.15539074706372225,True,35
thompson,0,1,0.06497304575455473,-0.039541720673979194,0.16948781218308867,True,36
thompson,0,2,0.16246531114817964,0.035024524758925535,0.28990609753743374,True,36
thompson,0,3,0.1597281722067798,0.019647872267875954,0.2998084721456836,True,36
thompson,1,1,0.2158177443948653,0.06817137882605828,0.36346410996367234,True,36
thompson,1,2,0.13183602851919096,-0.04456866260613776,0.3082407196445197,True,36
thompson,1,3,0.07264011544701446,-0.10032799257777081,0.24560822347179972,True,36
thompson,2,1,0.26707734967160035,0.03289178607507276,0.5012629132681279,True,36
thompson,2,2,0.02501914256936694,-0.24097996001774186,0.29101824515647573,True,36
thompson,2,3,-0.050779280785810225,-0.3163296437366713,0.2147710821650508,True,36
thompson,0,1,0.12311246283439764,0.006578015273445148,0.23964691039535013,True,37
thompson,0,2,0.22185182679631762,0.10507859170556084,0.3386250618870744,True,37
thompson,0,3,0.3032725426553571,0.15487308468842548,0.4516720006222887,True,37
thompson,1,1,0.270761457422893,0.14140922340678308,0.4001136914390029,True,37
thompson,1,2,0.2185136741441437,0.0886923117484083,0.3483350365398791,True,37
thompson,1,3,0.06864456191497609,-0.07409778151782306,0.21138690534777524,True,37
thompson,2,1,0.23490061739758814,0.057578999456247476,0.41222223533892877,True,37
thompson,2,2,0.07115807651918347,-0.1025237339716105,0.24483988700997744,True,37
thompson,2,3,-0.04461303571028452,-0.25670412707711127,0.16747805565654222,True,37
thompson,0,1,0.02437818615742071,-0.07212178657620293,0.12087815889104435,True,38
thompson,0,2,0.14077447929341977,0.005046158512624743,0.2765028000742148,True,38
thompson,0,3,0.1770246756876934,0.07318674842360406,0.2808626029517827,True,38
thompson,1,1,0.18684745140901418,0.0757189642964971,0.29797593852153126,True,38
thompson,1,2,0.08599967789307128,-0.05956797269985714,0.2315673284859997,True,38
thompson,1,3,0.10919323221783263,-0.0035193719357474035,0.22190583637141265,True,38
thompson,2,1,0.1282572107258512,-0.05970809560152415,0.31622251705322657,True,38
thompson,2,2,0.0020790824096519147,-0.24711540961739195,0.2512735744366958,True,38
thompson,2,3,-0.19363821877554863,-0.3920428512666957,0.004766413715598411,True,38
thompson,0,1,0.024540783485393864,-0.09323899492566144,0.14232056189644918,True,39
thompson,0,2,0.09130305760624086,-0.04897959154654388,0.2315857067590256,True,39
thompson,0,3,0.1516161841932405,0.024068183030813678,0.27916418535566734,True,39
thompson,1,1,0.14578405037946196,0.011513815046376552,0.28005428571254737,True,39
thompson,1,2,0.07533843483877997,-0.08767063281122561,0.23834750248878556,True,39
thompson,1,3,0.10876091592361771,-0.037295684437816626,0.25481751628505206,True,39
thompson,2,1,0.2863436205592142,0.11280569833779486,0.45988154278063353,True,39
thompson,2,2,0.08837451464770565,-0.12639318540867323,0.30314221470408453,True,39
thompson,2,3,-0.023351553684014967,-0.21293623591743216,0.16623312854940225,True,39
thompson,0,1,0.12601065757692562,0.01580036228311746,0.23622095287073377,True,40
thompson,0,2,0.1877366247238299,0.06143929428172118,0.3140339551659386,True,40
thompson,0,3,0.21342222538098798,0.07957464367572764,0.3472698070862483,True,40
thompson,1,1,0.16023404346298528,-0.005257545703505284,0.32572563262947585,True,40
thompson,1,2,0.12770614190643273,-0.053880593845409885,0.30929287765827534,True,40
thompson,1,3,0.05798415850122909,-0.12606225256528528,0.24203056956774346,True,40
thompson,2,1,0.3803489018736744,0.14458723908998705,0.6161105646573618,True,40
thompson,2,2,0.218310742533136,-0.03337321676943114,0.46999470183570313,True,40
thompson,2,3,0.1643397797840177,-0.09953551606264488,0.4282150756306803,True,40
thompson,0,1,0.014291317744041092,-0.11358334843882716,0.14216598392690935,True,41
thompson,0,2,0.03638634693123813,-0.1168752721292142,0.18964796599169045,True,41
thompson,0,3,0.18119820663979094,-0.004731002228146819,0.3671274155077287,True,41
thompson,1,1,0.08071656683539155,-0.07725584168915023,0.23868897535993333,True,41
thompson,1,2,-0.024705113036198535,-0.21986382818296274,0.17045360211056565,True,41
thompson,1,3,-0.14108414731387886,-0.34656790670857496,0.06439961208081724,True,41
thompson,2,1,0.11790609363950355,-0.09591008014925961,0.3317222674282667,True,41
thompson,2,2,-0.055729802013266105,-0.30550790405958594,0.19404830003305373,True,41
thompson,2,3,-0.20743512755079344,-0.49537104782069585,0.08050079271910901,True,41
thompson,0,1,0.10678305799460638,-0.0014209349272443356,0.2149870509164571,True,42
thompson,0,2,0.0836248083319041,-0.06307651321219561,0.23032612987600382,True,42
thompson,0,3,0.1110542981264604,-0.02933951030090226,0.25144810655382305,True,42
thompson,1,1,0.16643920172921198,0.042862185090608684,0.29001621836781527,True,42
thompson,1,2,0.12917898060133823,-0.03596756350577754,0.29432552470845397,True,42
thompson,1,3,0.04882015121985119,-0.11987387278248612,0.21751417522218852,True,42
thompson,2,1,0.4551938614864098,0.265888709735299,0.6444990132375206,True,42
thompson,2,2,0.40367495023984257,0.15983464983209458,0.6475152506475905,True,42
thompson,2,3,0.20725934737674892,-0.02536879134042519,0.43988748609392303,True,42
thompson,0,1,0.12093791006431732,0.018241297264492543,0.2236345228641421,True,43
thompson,0,2,0.2246668106875911,0.11178792538251558,0.3375456959926666,True,43
thompson,0,3,0.21917438109514703,0.08517663420935631,0.3531721279809378,True,43
thompson,1,1,0.14085670356817817,-0.022019186887922954,0.3037325940242793,True,43
thompson,1,2,0.13165856632295547,-0.03278078822859093,0.2960979208745019,True,43
thompson,1,3,0.09288806200820009,-0.08270611758585732,0.2684822416022575,True,43
thompson,2,1,0.23137601603935812,-0.012274022225491954,0.4750260543042082,True,43
thompson,2,2,0.062329206642656745,-0.1907953888397385,0.315453802125052,True,43
thompson,2,3,-0.0958781688988537,-0.3639809789810179,0.1722246411833105,True,43
thompson,0,1,-0.032329101091723274,-0.1821860334428697,0.11752783125942318,True,44
thompson,0,2,0.17090886289871207,0.0579841701467905,0.2838335556506336,True,44
thompson,0,3,0.18315649139988344,0.04468454336923974,0.3216284394305271,True,44
thompson,1,1,-0.024567895991844304,-0.2436417237475508,0.1945059317638622,True,44
thompson,1,2,0.05990809856781653,-0.09580319146837676,0.21561938860400984,True,44
thompson,1,3,-0.03888859827888221,-0.21891211382263664,0.1411349172648722,True,44
thompson,2,1,0.22256588553386686,-0.07041224958309716,0.5155440206508308,True,44
thompson,2,2,0.10102257867254605,-0.1043490712049264,0.3063942285500185,True,44
thompson,2,3,-0.024982234449139655,-0.2650409384773993,0.21507646957911997,True,44
thompson,0,1,0.06752393214385634,-0.06473363507053857,0.19978149935825124,True,45
thompson,0,2,0.054753423268336876,-0.11053520298757308,0.22004204952424683,True,45
thompson,0,3,0.1808251392322239,0.024692438760285568,0.33695783970416227,True,45
thompson,1,1,0.21229814664311938,0.06556598374608891,0.35903030954014986,True,45
thompson,1,2,0.11757011738370275,-0.07677026516466746,0.311910499932073,True,45
thompson,1,3,0.13346338609969158,-0.029422274065264348,0.29634904626464753,True,45
thompson,2,1,0.42899430205746825,0.1651187235780237,0.6928698805369128,True,45
thompson,2,2,0.13355974218722472,-0.1639809958925153,0.43110048026696474,True,45
thompson,2,3,0.18169289330309046,-0.11008005013378902,0.47346583673996995,True,45
thompson,0,1,0.07257337927922325,-0.044997182748248196,0.1901439413066947,True,46
thompson,0,2,0.20942307857577497,0.072689396480841,0.34615676067070894,True,46
thompson,0,3,0.09470808920717363,-0.05196147727259057,0.24137765568693784,True,46
thompson,1,1,0.16307111981484898,0.017965233362524646,0.3081770062671733,True,46
thompson,1,2,0.05778435562893149,-0.10035006176519512,0.21591877302305812,True,46
thompson,1,3,0.11227046804013374,-0.07646147514820772,0.3010024112284752,True,46
thompson,2,1,0.4232171508683561,0.17901880822236121,0.667415493514351,True,46
thompson,2,2,0.24399003050411477,-0.015055652931291463,0.503035713939521,True,46
thompson,2,3,0.010452711681373936,-0.2545387786977948,0.2754442020605427,True,46
thompson,0,1,0.15829996722355508,0.050972654770128425,0.26562727967698174,True,47
thompson,0,2,0.20205347883332697,0.07481041950664352,0.3292965381600104,True,47
thompson,0,3,0.29792290761296597,0.1839137904376128,0.41193202478831914,True,47
thompson,1,1,0.1457129190974141,-0.02426188638577964,0.31568772458060784,True,47
thompson,1,2,0.053458260500173535,-0.12871018554143476,0.2356267065417818,True,47
thompson,1,3,0.03901835378393634,-0.13011585056310454,0.20815255813097722,True,47
thompson,2,1,0.1706290473861293,-0.06869306873983727,0.4099511635120959,True,47
thompson,2,2,0.027299929849550826,-0.247051285702383,0.30165114540148463,True,47
thompson,2,3,-0.07074742082408829,-0.3141492691827998,0.17265442753462323,True,47
thompson,0,1,0.04825490220932161,-0.07267981255271078,0.16918961697135398,True,48
thompson,0,2,0.014093303480451685,-0.12919897373681674,0.1573855806977201,True,48
thompson,0,3,0.1662459783533746,0.03753284694988607,0.2949591097568631,True,48
thompson,1,1,0.19863307563847668,0.044362560399718226,0.3529035908772351,True,48
thompson,1,2,0.07353354613978241,-0.11799000549365929,0.2650570977732241,True,48
thompson,1,3,0.11475693222854261,-0.04670088639940531,0.2762147508564905,True,48
thompson,2,1,0.30781119288546716,0.076564110545254,0.5390582752256803,True,48
thompson,2,2,0.09680943116918944,-0.17643698981622663,0.3700558521546055,True,48
thompson,2,3,0.0612517780850207,-0.1847170520991654,0.3072206082692068,True,48
thompson,0,1,0.0523748016634959,-0.09610484173562875,0.20085444506262054,True,49
thompson,0,2,0.11961241838711578,-0.025763607416239925,0.2649884441904715,True,49
thompson,0,3,0.1629132020100841,0.008594577947507037,0.3172318260726612,True,49
thompson,1,1,0.2996075647247454,0.1488236172165163,0.4503915122329746,True,49
thompson,1,2,0.2727761515725948,0.1272559583481441,0.4182963447970456,True,49
thompson,1,3,0.19871305586104043,0.04325777199020145,0.35416833973187944,True,49
thompson,2,1,0.2134109695326387,-0.10097376989006598,0.5277957089553433,True,49
thompson,2,2,0.058236557365621534,-0.2528012103732584,0.36927432510450153,True,49
thompson,2,3,-0.008759066100578904,-0.32732166021239045,0.3098035280112326,True,49
thompson,0,1,0.06991113067739982,-0.03921271159701163,0.17903497295181126,True,50
thompson,0,2,0.15228309414368424,0.04281022147657573,0.2617559668107927,True,50
thompson,0,3,0.1773022269400322,0.054466571098281416,0.300137882781783,True,50
thompson,1,1,0.23808735038875956,0.12289590503718396,0.35327879574033516,True,50
thompson,1,2,0.17612035723789332,0.05501173253335585,0.2972289819424308,True,50
thompson,1,3,0.13289804159585136,-0.0140648356168111,0.2798609188085138,True,50
thompson,2,1,0.33252248104971893,0.11468594318999514,0.5503590189094427,True,50
thompson,2,2,0.11296747808077112,-0.1019962483981475,0.3279312045596897,True,50
thompson,2,3,0.1118550862044929,-0.1242336866946452,0.347943859103631,True,50
thompson,0,1,0.21507847109998296,0.14950425828098968,0.28065268391897624,True,51
thompson,0,2,0.22885986240446032,0.10875711604369068,0.34896260876523,True,51
thompson,0,3,0.2726280658646473,0.16981683291416544,0.3754392988151291,True,51
thompson,1,1,0.1308638890513409,-0.02651113830615462,0.28823891640883637,True,51
thompson,1,2,-0.08621013337472075,-0.2771589337455047,0.10473866699606324,True,51
thompson,1,3,0.06569471819394294,-0.11980949459668837,0.25119893098457424,True,51
thompson,2,1,0.46576271955134324,0.3240590415379826,0.6074663975647039,True,51
thompson,2,2,0.3116372922122122,0.05135803074278783,0.5719165536816366,True,51
thompson,2,3,0.10664025849119889,-0.07636728789331147,0.28964780487570924,True,51
thompson,0,1,0.10298686101171173,-0.02914944736821387,0.23512316939163733,True,52
thompson,0,2,0.10402916135612483,-0.04771954403442413,0.2557778667466738,True,52
thompson,0,3,0.20383534349184856,0.05983210275070616,0.34783858423299097,True,52
thompson,1,1,0.1692186145432187,0.009029826462245871,0.32940740262419155,True,52
thompson,1,2,0.16726540673320994,-0.02227917114629993,0.35680998461271984,True,52
thompson,1,3,0.07522645865217709,-0.09975573159193335,0.2502086488962875,True,52
thompson,2,1,0.1285727657948276,-0.1086002972175838,0.365745828807239,True,52
thompson,2,2,-0.029352015782808966,-0.30999602544260185,0.25129199387698387,True,52
thompson,2,3,-0.15660250205435125,-0.40630732025902516,0.09310231615032269,True,52
thompson,0,1,-0.008062678515830268,-0.1277326870299442,0.11160732999828366,True,53
thompson,0,2,0.03917591743040126,-0.10024402349515864,0.17859585835596115,True,53
thompson,0,3,0.035659335105507645,-0.12671184357733528,0.19803051378835057,True,53
thompson,1,1,0.2624506883278349,0.13689897550373173,0.38800240115193807,True,53
thompson,1,2,0.27956227077020596,0.1327775394385183,0.4263470021018936,True,53
thompson,1,3,0.2265020743771913,0.05430936670088102,0.3986947820535016,True,53
thompson,2,1,0.329740473300352,0.09102937488296939,0.5684515717177346,True,53
thompson,2,2,0.1254587962341216,-0.1422594695569917,0.3931770620252349,True,53
thompson,2,3,-0.10383703930247522,-0.37100891258315305,0.1633348339782026,True,53
thompson,0,1,0.10298134896577327,-0.013956310465942118,0.21991900839748865,True,54
thompson,0,2,0.18657131070503663,0.05534779703264869,0.31779482437742457,True,54
thompson,0,3,0.25489691477747956,0.11763559150276204,0.3921582380521971,True,54
thompson,1,1,0.2141906306781425,0.07611262053818277,0.3522686408181023,True,54
thompson,1,2,0.13609940774960455,-0.019566561420889222,0.2917653769200983,True,54
thompson,1,3,0.10108324799967786,-0.056658478330181644,0.2588249743295373,True,54
thompson,2,1,0.1806768889402527,-0.05852362102257047,0.41987739890307585,True,54
thompson,2,2,0.032308264655705236,-0.228468940160934,0.2930854694723445,True,54
thompson,2,3,-0.05245156688484571,-0.31774043245375655,0.21283729868406515,True,54
thompson,0,1,0.10115817243421257,-0.025729576525436615,0.22804592139386176,True,55
thompson,0,2,0.16588063609783468,0.03301197062361699,0.2987493015720524,True,55
thompson,0,3,0.22043103140633322,0.06764560293013358,0.3732164598825328,True,55
thompson,1,1,0.23279566712889826,0.11770385500273536,0.34788747925506114,True,55
thompson,1,2,0.19256782676391096,0.0643977879765093,0.3207378655513126,True,55
thompson,1,3,0.10741503408368208,-0.03427507731859103,0.2491051454859552,True,55
thompson,2,1,0.028626350933793353,-0.20930386023452247,0.26655656210210915,True,55
thompson,2,2,-0.3146805615661865,-0.5652758947350841,-0.06408522839728892,True,55
thompson,2,3,-0.4242479763806565,-0.6967852252991714,-0.15171072746214154,True,55
thompson,0,1,0.059489534801816124,-0.05689622555426457,0.17587529515789682,True,56
thompson,0,2,0.18518634781046855,0.07331338541345543,0.29705931020748166,True,56
thompson,0,3,0.21019854361603577,0.0908966342122654,0.3295004530198061,True,56
thompson,1,1,0.12331076991159895,-0.03982041248107532,0.2864419523042732,True,56
thompson,1,2,0.07254658877747833,-0.07262715723288474,0.2177203347878414,True,56
thompson,1,3,0.06033106235749814,-0.09533534899296528,0.21599747370796155,True,56
thompson,2,1,0.151126039445936,-0.09350810454428274,0.3957601834361547,True,56
thompson,2,2,0.06575941296234296,-0.14962834568660272,0.28114717161128866,True,56
thompson,2,3,-0.10543862233666619,-0.3374620290824373,0.12658478440910487,True,56
thompson,0,1,0.07808768063256513,-0.0384171220251555,0.19459248329028578,True,57
thompson,0,2,0.14320289247794954,0.0012988569980752485,0.28510692795782383,True,57
thompson,0,3,0.18290474910842458,0.043210871976006704,0.32259862624084246,True,57
thompson,1,1,0.23114273546329156,0.09253404004266147,0.36975143088392165,True,57
thompson,1,2,0.22185282656577446,0.054578542788764034,0.3891271103427849,True,57
thompson,1,3,0.13896767841113983,-0.01741452263185564,0.29534987945413527,True,57
thompson,2,1,0.2291732073528249,0.007653027467497686,0.4506933872381521,True,57
thompson,2,2,-0.04662202318113655,-0.29879394581351915,0.20554989945124602,True,57
thompson,2,3,-0.022707640324904965,-0.27370783571067014,0.22829255506086021,True,57
thompson,0,1,0.19103321616078991,0.10140520474076711,0.2806612275808127,True,58
thompson,0,2,0.2905796543831103,0.16079930407891163,0.42036000468730894,True,58
thompson,0,3,0.3296109641422109,0.22664337654187033,0.4325785517425515,True,58
thompson,1,1,0.20137050921470742,0.06287313173263956,0.33986788669677526,True,58
thompson,1,2,0.15624444460946668,-0.008539047142978679,0.32102793636191207,True,58
thompson,1,3,0.13842407784068148,-0.007306445919966875,0.2841546016013298,True,58
thompson,2,1,0.2625485029167259,-0.023312491523277967,0.5484094973567297,True,58
thompson,2,2,0.05814205746546009,-0.25098460728631034,0.3672687222172305,True,58
thompson,2,3,0.012864630655281964,-0.28175551389603365,0.3074847752065976,True,58
thompson,0,1,0.12362839711164993,0.008587493184544728,0.2386693010387551,True,59
thompson,0,2,0.12712466596042832,-0.01729479696163927,0.2715441288824959,True,59
thompson,0,3,0.17441028035929915,0.04422158440582186,0.30459897631277644,True,59
thompson,1,1,0.17189698505310244,0.025065821803798877,0.31872814830240603,True,59
thompson,1,2,0.10139891322457334,-0.07488268296047695,0.27768050940962363,True,59
thompson,1,3,0.11173779648226526,-0.057582902446866924,0.28105849541139744,True,59
thompson,2,1,0.3633334587023104,0.18518070794980027,0.5414862094548205,True,59
thompson,2,2,0.1565523891741714,-0.10093195295041374,0.41403673129875657,True,59
thompson,2,3,-0.0012832657045527274,-0.20023305469897323,0.19766652328986778,True,59
thompson,0,1,0.03586167819107714,-0.06601437171798616,0.13773772810014043,True,60
thompson,0,2,0.10556369321300176,-0.02500789477745162,0.23613528120345512,True,60
thompson,0,3,0.19528739677235407,0.08682607671106672,0.3037487168336414,True,60
thompson,1,1,0.1306300359272278,0.00539187741230035,0.25586819444215525,True,60
thompson,1,2,0.08977251205240265,-0.07631138871824371,0.255856412823049,True,60
thompson,1,3,0.0905253770592482,-0.039492293143428045,0.22054304726192442,True,60
thompson,2,1,0.18838114616271104,0.015205721779747883,0.3615565705456742,True,60
thompson,2,2,-0.0120205144893215,-0.2329322297959346,0.20889120081729157,True,60
thompson,2,3,-0.15433459929526167,-0.32828385998958515,0.019614661399061817,True,60
thompson,0,1,0.024510004297789916,-0.12288192776623334,0.17190193636181317,True,61
thompson,0,2,0.060851584582259664,-0.10989512941983845,0.2315982985843578,True,61
thompson,0,3,0.1236162213303193,-0.036802192502251335,0.28403463516288996,True,61
thompson,1,1,0.15311499076885912,-0.005556333939970987,0.3117863154776892,True,61
thompson,1,2,0.09986373474439052,-0.09388777881551204,0.2936152483042931,True,61
thompson,1,3,0.08349814490556294,-0.08902909895133553,0.2560253887624614,True,61
thompson,2,1,0.21358314376902338,-0.0402589462339325,0.46742523377197925,True,61
thompson,2,2,0.0002117457055765617,-0.29856304999983263,0.2989865414109858,True,61
thompson,2,3,0.025536684641972573,-0.24678972027041923,0.29786308955436436,True,61
thompson,0,1,0.20439533658470393,0.09605712947218524,0.3127335436972226,True,62
thompson,0,2,0.25153644789984836,0.10397034067382183,0.3991025551258749,True,62
thompson,0,3,0.2324566739624594,0.07434948127749294,0.3905638666474258,True,62
thompson,1,1,0.09434229766861439,-0.07989095280168627,0.26857554813891504,True,62
thompson,1,2,0.03915312081975983,-0.16855882765708347,0.24686506929660312,True,62
thompson,1,3,-0.02245089862210147,-0.23630241094396176,0.1914006136997588,True,62
thompson,2,1,0.24314378272270887,0.020171078105258644,0.4661164873401591,True,62
thompson,2,2,0.11449775164334411,-0.13567573232316113,0.3646712356098494,True,62
thompson,2,3,-0.05499657024956734,-0.33256250354125355,0.22256936304211888,True,62
thompson,0,1,0.07620006998326359,-0.0543089772484987,0.20670911721502588,True,63
thompson,0,2,0.08012418857959941,-0.05446926507762345,0.21471764223682227,True,63
thompson,0,3,0.20805477054647323,0.08226734544852668,0.33384219564441975,True,63
thompson,1,1,0.17379946156368545,0.007037095927649256,0.3405618271997216,True,63
thompson,1,2,0.18646137792874262,0.018971043410522942,0.35395171244696233,True,63
thompson,1,3,0.1778959189105383,0.020265903769824622,0.335525934051252,True,63
thompson,2,1,0.436475541053044,0.26798568808421935,0.6049653940218687,True,63
thompson,2,2,0.18065702077065615,-0.008630033667927695,0.36994407520924,True,63
thompson,2,3,0.12300556909406259,-0.04350833382708304,0.2895194720152082,True,63
thompson,0,1,0.1819015649926977,0.07868493121526857,0.2851181987701268,True,64
thompson,0,2,0.24854286466560688,0.12462365325827976,0.372462076072934,True,64
thompson,0,3,0.27773129954745085,0.13162729187928157,0.4238353072156201,True,64
thompson,1,1,0.10516406208635211,-0.04607617525154188,0.2564042994242461,True,64
thompson,1,2,0.12455393350779907,-0.04290211340211085,0.292009980417709,True,64
thompson,1,3,-0.09233621672308007,-0.28033169997901514,0.095659266532855,True,64
thompson,2,1,0.4156434679701332,0.20474877619143358,0.6265381597488328,True,64
thompson,2,2,0.19650051620332298,-0.026364781382919533,0.4193658137895655,True,64
thompson,2,3,-0.004290817057581644,-0.26383513691357907,0.25525350279841574,True,64
thompson,0,1,0.05156799895592262,-0.08633946830817266,0.1894754662200179,True,65
thompson,0,2,0.11827071484515203,0.0029073519478471227,0.23363407774245692,True,65
thompson,0,3,0.16635208596316292,0.05355064338900162,0.2791535285373242,True,65
thompson,1,1,0.1738750472851636,0.03721503066223153,0.31053506390809565,True,65
thompson,1,2,0.237922202333864,0.12387311776152424,0.3519712869062037,True,65
thompson,1,3,0.16059599355421225,0.05161157962483094,0.2695804074835936,True,65
thompson,2,1,0.15905830468597285,-0.08177892562439032,0.399895534996336,True,65
thompson,2,2,0.035261232085022076,-0.18592295291949976,0.25644541708954394,True,65
thompson,2,3,-0.05775539201212266,-0.26657605534757367,0.15106527132332837,True,65
thompson,0,1,0.17333247258419007,0.06351188290683452,0.28315306226154563,True,66
thompson,0,2,0.2165462819523848,0.10140198044659188,0.3316905834581777,True,66
thompson,0,3,0.23892814419151748,0.08559287237339458,0.3922634160096404,True,66
thompson,1,1,0.06895466459955632,-0.1137735971888856,0.2516829263879983,True,66
thompson,1,2,0.04768441081232208,-0.13691647291452455,0.2322852945391687,True,66
thompson,1,3,-0.07608862498816588,-0.2894650399574393,0.13728778998110752,True,66
thompson,2,1,0.37385799198330827,0.1726399930373592,0.5750759909292573,True,66
thompson,2,2,0.19691602658393018,-0.004078229637109493,0.3979102828049699,True,66
thompson,2,3,0.19704064727346327,-0.07081439036541048,0.464895684912337,True,66
thompson,0,1,0.08622480447866122,-0.028622774607113197,0.20107238356443563,True,67
thompson,0,2,0.1712042226136349,0.06171758443515302,0.2806908607921168,True,67
thompson,0,3,0.23263641426589662,0.11808917911987218,0.34718364941192104,True,67
thompson,1,1,0.1845922871459772,0.01765679120087338,0.351527783091081,True,67
thompson,1,2,0.1316062476195917,-0.02389647166994327,0.2871089669091267,True,67
thompson,1,3,0.130607082660276,-0.03104393105354636,0.2922580963740984,True,67
thompson,2,1,0.28935310945113435,0.039102169860604774,0.5396040490416639,True,67
thompson,2,2,0.25231788962558493,0.021546827779187844,0.48308895147198205,True,67
thompson,2,3,0.12568161567305675,-0.10591547709773688,0.35727870844385035,True,67
thompson,0,1,0.21128525247801938,0.11812336792062862,0.30444713703541015,True,68
thompson,0,2,0.2825716021047833,0.18224782203397144,0.3828953821755952,True,68
thompson,0,3,0.35477963001134816,0.2508575502630802,0.4587017097596161,True,68
thompson,1,1,0.04512959926616008,-0.1094220181296508,0.19968121666197097,True,68
thompson,1,2,-0.0007235360245219289,-0.15949591768036092,0.15804884563131705,True,68
thompson,1,3,-0.02255629525036849,-0.184487624812892,0.13937503431215503,True,68
thompson,2,1,0.3260470576867983,0.08059702650101361,0.571497088872583,True,68
thompson,2,2,0.1359390330167252,-0.11267355284465697,0.38455161887810735,True,68
thompson,2,3,0.059281375719053245,-0.1961836752049383,0.31474642664304475,True,68
thompson,0,1,0.034730830948307694,-0.08684572733730617,0.15630738923392157,True,69
thompson,0,2,0.18692074303962336,0.037846707089956216,0.33599477898929053,True,69
thompson,0,3,0.1927909560251638,0.0666639707729709,0.31891794127735673,True,69
thompson,1,1,0.1558831172253451,0.0025359616828450893,0.3092302727678451,True,69
thompson,1,2,-0.012020825595077509,-0.1954275841077316,0.1713859329175766,True,69
thompson,1,3,0.0928932278931518,-0.06636910790767123,0.25215556369397485,True,69
thompson,2,1,0.36737527143538795,0.14112849315461792,0.593622049716158,True,69
thompson,2,2,0.17008946577375722,-0.09461492655493947,0.4347938581024539,True,69
thompson,2,3,0.08830794965730378,-0.1475018915548134,0.324117790869421,True,69
thompson,0,1,0.09508140024901283,-0.026064369471806972,0.21622716996983266,True,70
thompson,0,2,0.22596775406734482,0.07494914705703928,0.3769863610776504,True,70
thompson,0,3,0.24733133830878615,0.09143479755949488,0.40322787905807744,True,70
thompson,1,1,0.2413110954279059,0.11525484906266895,0.3673673417931429,True,70
thompson,1,2,0.1115870160370018,-0.051918581185045415,0.275092613259049,True,70
thompson,1,3,0.17519887735532758,0.01998174866403918,0.330416006046616,True,70
thompson,2,1,0.2864926146015598,0.06435166271763465,0.5086335664854849,True,70
thompson,2,2,0.06733531426115348,-0.17631576166892687,0.3109863901912338,True,70
thompson,2,3,-0.0495806121749285,-0.3017597238718049,0.20259849952194792,True,70
thompson,0,1,0.0834472417773752,-0.027884967284699233,0.19477945083944964,True,71
thompson,0,2,0.13592578815534104,0.005346375458886915,0.2665052008517952,True,71
thompson,0,3,0.15587393480066014,-0.0168548379494593,0.3286027075507796,True,71
thompson,1,1,0.1225741211879579,-0.01312698434510777,0.25827522672102354,True,71
thompson,1,2,0.08408478764952329,-0.07800074567558021,0.2461703209746268,True,71
thompson,1,3,-0.07044152098702897,-0.24782651684329854,0.1069434748692406,True,71
thompson,2,1,0.24437749605277725,0.06758504141345054,0.42116995069210394,True,71
thompson,2,2,0.10749029122813122,-0.09896061461564543,0.3139411970719079,True,71
thompson,2,3,-0.21762488003591277,-0.44375527389895625,0.008505513827130717,True,71
thompson,0,1,0.004327407396029102,-0.11347080057902227,0.12212561537108048,True,72
thompson,0,2,0.08858504702016133,-0.03733213172484433,0.21450222576516698,True,72
thompson,0,3,0.14623059388549337,0.018162631406991092,0.27429855636399564,True,72
thompson,1,1,0.11613461007641511,-0.03900513165338783,0.27127435180621806,True,72
thompson,1,2,0.03129140864008917,-0.13477157337715318,0.1973543906573315,True,72
thompson,1,3,0.020764361989198225,-0.14117816433900998,0.18270688831740645,True,72
thompson,2,1,0.2833813449802647,0.1022883293513249,0.46447436060920444,True,72
thompson,2,2,0.05124973593651326,-0.15164117189100246,0.254140643764029,True,72
thompson,2,3,-0.009634910313114212,-0.2056291149652325,0.1863592943390041,True,72
thompson,0,1,0.17923006718726642,0.08075555397478545,0.2777045803997474,True,73
thompson,0,2,0.23250293127305177,0.0962724113864272,0.3687334511596764,True,73
thompson,0,3,0.25023683838238286,0.11347759463605048,0.3869960821287153,True,73
thompson,1,1,0.213421272723047,0.06392723744084311,0.3629153080052509,True,73
thompson,1,2,0.14670805839707435,-0.02746474014010486,0.32088085693425356,True,73
thompson,1,3,0.17943933478518898,-0.005465902732756406,0.36434457230313433,True,73
thompson,2,1,0.34593442242378064,0.08277756660004282,0.6090912782475184,True,73
thompson,2,2,0.21490734222328228,-0.06733746580157379,0.49715215024813836,True,73
thompson,2,3,-0.024868929951680052,-0.33296556439410907,0.28322770449074897,True,73
thompson,0,1,0.065847586223818,-0.02673940801385412,0.15843458046149012,True,74
thompson,0,2,0.12951326758000004,0.022387873266937197,0.23663866189306287,True,74
thompson,0,3,0.20189065697634,0.09297790156368749,0.31080341238899256,True,74
thompson,1,1,0.12527853614168516,0.005121845483843632,0.24543522679952667,True,74
thompson,1,2,0.06486862277055931,-0.07035052405603127,0.2000877695971499,True,74
thompson,1,3,0.0756693968828941,-0.06251924847098349,0.21385804223677168,True,74
thompson,2,1,0.15388145543952245,-0.011625255824136455,0.3193881667031814,True,74
thompson,2,2,0.003989360354212136,-0.18324869745354203,0.19122741816196628,True,74
thompson,2,3,-0.13696142849739842,-0.318985952674538,0.04506309567974118,True,74
thompson,0,1,0.06546671457288253,-0.04091332309748884,0.1718467522432539,True,75
thompson,0,2,0.1435624677461699,0.02089925057316136,0.2662256849191784,True,75
thompson,0,3,0.028088682092119108,-0.11835256036631421,0.17452992455055244,True,75
thompson,1,1,0.22926060145358,0.11416804523018047,0.3443531576769795,True,75
thompson,1,2,0.1774466410815004,0.04736283044833556,0.30753045171466525,True,75
thompson,1,3,0.24553975457687863,0.06469574729561803,0.4263837618581392,True,75
thompson,2,1,0.27286259983463423,0.07620910318821777,0.4695160964810507,True,75
thompson,2,2,0.06908367801734108,-0.1420585410298731,0.28022589706455525,True,75
thompson,2,3,-0.10376770572711219,-0.3430256168618712,0.13549020540764684,True,75
thompson,0,1,0.1020066562677497,0.009150345803442553,0.19486296673205683,True,76
thompson,0,2,0.1437135370352589,0.03469014106710096,0.2527369330034169,True,76
thompson,0,3,0.0936916552822889,-0.049986763193211436,0.23737007375778924,True,76
thompson,1,1,0.1267148612759904,0.0003360365385241537,0.25309368601345666,True,76
thompson,1,2,0.08365488487806272,-0.05850029321768441,0.22581006297380984,True,76
thompson,1,3,0.05993415200073869,-0.12337102670862,0.2432393307100974,True,76
thompson,2,1,0.2968964951115154,0.09166817988800069,0.5021248103350301,True,76
thompson,2,2,0.10980135575958566,-0.11328437520829682,0.33288708672746814,True,76
thompson,2,3,0.01490064064544641,-0.2463730170119244,0.2761742983028172,True,76
thompson,0,1,0.057463292830896545,-0.07316678593555709,0.18809337159735018,True,77
thompson,0,2,0.12069200671097266,-0.009988125591215702,0.251372139013161,True,77
thompson,0,3,0.20456584502503916,0.041692864693443826,0.3674388253566345,True,77
thompson,1,1,0.15348691717444068,0.00466187360300252,0.30231196074587885,True,77
thompson,1,2,0.10102799850851239,-0.048027203270074856,0.2500832002870996,True,77
thompson,1,3,-0.01152035221955805,-0.19028546776965116,0.16724476333053506,True,77
thompson,2,1,0.3083056758962465,0.03329555232942727,0.5833157994630658,True,77
thompson,2,2,0.16207310535085898,-0.10978939845357247,0.4339356091552904,True,77
thompson,2,3,0.03882906652891134,-0.27743076274761097,0.3550888958054336,True,77
thompson,0,1,0.07332731683896711,-0.02515995461155525,0.17181458828948948,True,78
thompson,0,2,0.04850672648202636,-0.07529068211777783,0.17230413508183057,True,78
thompson,0,3,0.2676278950850051,0.16073989305470543,0.3745158971153048,True,78
thompson,1,1,0.16015379227202464,0.0400247215752918,0.2802828629687575,True,78
thompson,1,2,0.18014138738637933,0.013581844000713827,0.34670093077204484,True,78
thompson,1,3,0.028581119248826076,-0.09911183549468526,0.15627407399233742,True,78
thompson,2,1,0.40030339134596055,0.19525466520623425,0.6053521174856868,True,78
thompson,2,2,0.2570359667898334,-0.002934611650389163,0.5170065452300561,True,78
thompson,2,3,0.06026988251074825,-0.15028057972357342,0.27082034474506994,True,78
thompson,0,1,0.13195142029144433,0.03697347508427934,0.22692936549860931,True,79
thompson,0,2,0.1941460194097797,0.09631304722918203,0.2919789915903774,True,79
thompson,0,3,0.198725295157014,0.10208048682521736,0.29537010348881065,True,79
thompson,1,1,0.029221813878022945,-0.13501197824580471,0.1934556060018506,True,79
thompson,1,2,0.051416499954965514,-0.11055534449507597,0.21338834440500698,True,79
thompson,1,3,0.08436634908272257,-0.07905932900542563,0.2477920271708708,True,79
thompson,2,1,0.3014005783569026,0.06283872981426175,0.5399624268995434,True,79
thompson,2,2,0.03233071280175632,-0.19059205539741209,0.2552534810009247,True,79
thompson,2,3,-0.06254168413313331,-0.2897796720193654,0.1646963037530988,True,79
thompson,0,1,0.03644239972348315,-0.07944586400521787,0.15233066345218416,True,80
thompson,0,2,0.12900294566864048,-0.001878464562914739,0.2598843559001957,True,80
thompson,0,3,0.11476226025839488,-0.030734000513843243,0.260258521030633,True,80
thompson,1,1,0.25996632572972816,0.1295766433111027,0.39035600814835364,True,80
thompson,1,2,0.20213200297603356,0.06609255949891141,0.3381714464531557,True,80
thompson,1,3,0.26809247651647405,0.10052285825406568,0.4356620947788824,True,80
thompson,2,1,0.3069788198925327,0.09078882216182277,0.5231688176232425,True,80
thompson,2,2,0.13742135381907228,-0.09316318404771703,0.3680058916858616,True,80
thompson,2,3,0.10897851301807117,-0.13463031723033475,0.35258734326647706,True,80
thompson,0,1,0.11421660083677439,-0.004613742485101532,0.2330469441586503,True,81
thompson,0,2,0.18130768155867044,0.05051865210902348,0.3120967110083174,True,81
thompson,0,3,0.3122695286737833,0.15354759374639854,0.4709914636011681,True,81
thompson,1,1,0.26367875038554267,0.135103562180909,0.3922539385901763,True,81
thompson,1,2,0.23757964926602923,0.09142061218294506,0.3837386863491134,True,81
thompson,1,3,0.16698052176830716,-0.00507293383705848,0.3390339773736728,True,81
thompson,2,1,0.043472034925658785,-0.2336577107188709,0.32060178057018845,True,81
thompson,2,2,-0.11424418842779208,-0.4056544011372548,0.1771660242816707,True,81
thompson,2,3,-0.29218923406342284,-0.6141077248588267,0.02972925673198107,True,81
thompson,0,1,-0.02294340748120982,-0.1481217702413094,0.10223495527888976,True,82
thompson,0,2,0.05668395699616356,-0.07435743056845405,0.18772534456078116,True,82
thompson,0,3,0.07034708971985529,-0.07108550051686313,0.2117796799565737,True,82
thompson,1,1,0.1453900003076912,0.010337406670188759,0.28044259394519366,True,82
thompson,1,2,0.05633865879094643,-0.08641258919424269,0.19908990677613556,True,82
thompson,1,3,0.07052393481573613,-0.08211422444145391,0.22316209407292617,True,82
thompson,2,1,0.2622078729774828,0.05307920135541322,0.47133654459955243,True,82
thompson,2,2,-0.029878745773096044,-0.2511497735144591,0.19139228196826705,True,82
thompson,2,3,-0.09805626018891135,-0.3434173490768187,0.14730482869899603,True,82
thompson,0,1,0.12565085542186843,0.023129376158201376,0.2281723346855355,True,83
thompson,0,2,0.19405362473414442,0.035452276564597096,0.35265497290369174,True,83
thompson,0,3,0.22992978885410573,0.10562213011004663,0.35423744759816483,True,83
thompson,1,1,0.15186951708347438,-0.02342999630355838,0.32716903047050716,True,83
thompson,1,2,0.06955940005928825,-0.1535363466875811,0.2926551468061576,True,83
thompson,1,3,0.08331900716192149,-0.1114858039439915,0.2781238182678345,True,83
thompson,2,1,0.317936999578259,0.09320654547782825,0.5426674536786897,True,83
thompson,2,2,0.07516655755958346,-0.19378725488766313,0.34412037000683005,True,83
thompson,2,3,0.02189152045191583,-0.22270187719965445,0.2664849181034861,True,83
thompson,0,1,0.09306207143747332,0.005274429613361803,0.18084971326158483,True,84
thompson,0,2,0.1895690672979966,0.09395494180139327,0.2851831927945999,True,84
thompson,0,3,0.21393624889683222,0.10703210496925279,0.3208403928244116,True,84
thompson,1,1,0.19664812266813675,0.06379419847606463,0.3295020468602089,True,84
thompson,1,2,0.1555586070613101,0.015989568809174737,0.2951276453134455,True,84
thompson,1,3,0.05319894392379589,-0.09318335391525762,0.19958124176284942,True,84
thompson,2,1,0.35075278744905297,0.13373888778477377,0.5677666871133322,True,84
thompson,2,2,0.14886151050060434,-0.07389007802377084,0.3716130990249795,True,84
thompson,2,3,0.06104576348748986,-0.16998646639406012,0.29207799336903983,True,84
thompson,0,1,0.12201391738485017,0.024770439784778192,0.21925739498492214,True,85
thompson,0,2,0.15229699736972904,-0.00038236287069715047,0.30497635761015524,True,85
thompson,0,3,0.11537385945063601,-0.03468127017580942,0.26542898907708146,True,85
thompson,1,1,0.18553422768471667,0.06630653988570974,0.3047619154837236,True,85
thompson,1,2,0.00931410588971345,-0.15875844730674957,0.17738665908617648,True,85
thompson,1,3,0.03703742255480665,-0.13554585313830375,0.20962069824791707,True,85
thompson,2,1,0.12263617414293307,-0.11770695808769613,0.36297930637356224,True,85
thompson,2,2,-0.036209653513746005,-0.3590795063245556,0.2866601992970636,True,85
thompson,2,3,-0.15500652310662522,-0.4820638343202815,0.17205078810703106,True,85
thompson,0,1,0.13938365469375547,0.056022998787077644,0.2227443106004333,True,86
thompson,0,2,0.23475736313472348,0.1575747261135202,0.31194000015592677,True,86
thompson,0,3,0.3334125665716379,0.2543187013398078,0.4125064318034681,True,86
thompson,1,1,0.0533517858210611,-0.1271944334602244,0.2338980051023466,True,86
thompson,1,2,0.09781599621517888,-0.07666787830200734,0.2722998707323651,True,86
thompson,1,3,0.032239585877621456,-0.14434409959128358,0.2088232713465265,True,86
thompson,2,1,0.15168756344480727,-0.12696354556395,0.43033867245356455,True,86
thompson,2,2,-0.006587471364296193,-0.26037462348187795,0.24719968075328555,True,86
thompson,2,3,-0.12776256968567523,-0.377007403225337,0.12148226385398656,True,86
thompson,0,1,0.09482009825599415,-0.032905688161996224,0.2225458846739845,True,87
thompson,0,2,0.12822435755129094,-0.01701000421154783,0.2734587193141297,True,87
thompson,0,3,0.18505118262814638,0.016251488282646387,0.35385087697364637,True,87
thompson,1,1,0.23937818116581605,0.08632971599411382,0.3924266463375183,True,87
thompson,1,2,0.17114886487644343,0.0026387312011527664,0.3396589985517341,True,87
thompson,1,3,0.10396495341377643,-0.09891983663207998,0.30684974345963284,True,87
thompson,2,1,0.2352165943059806,0.024720529403634145,0.44571265920832703,True,87
thompson,2,2,-0.052960486589720565,-0.2798040002268021,0.17388302704736092,True,87
thompson,2,3,-0.05960412318840059,-0.3194786948288834,0.20027044845208225,True,87
thompson,0,1,0.08651766800278725,-0.029723617577710998,0.2027589535832855,True,88
thompson,0,2,0.19653676215525,0.07187658149970579,0.32119694281079425,True,88
thompson,0,3,0.21142100743239498,0.075895421290046,0.34694659357474394,True,88
thompson,1,1,0.21032681393501587,0.04639770827772746,0.3742559195923043,True,88
thompson,1,2,0.15314659775387468,-0.011208511913285923,0.3175017074210353,True,88
thompson,1,3,0.06966591350965766,-0.09851679204575438,0.2378486190650697,True,88
thompson,2,1,0.3149227166041914,0.0995293404470097,0.5303160927613731,True,88
thompson,2,2,0.12561743529429448,-0.0980996643834024,0.34933453497199135,True,88
thompson,2,3,0.0828221894539804,-0.1482125881444326,0.3138569670523934,True,88
thompson,0,1,0.04814812883713776,-0.0548985297671063,0.15119478744138182,True,89
thompson,0,2,0.06586646552580211,-0.06623702050436081,0.19796995155596503,True,89
thompson,0,3,0.13463328787175854,0.011173334832781393,0.2580932409107357,True,89
thompson,1,1,0.1851792822599807,0.06245241948912353,0.3079061450308379,True,89
thompson,1,2,0.1624124681990386,-0.008360196869670072,0.33318513326774724,True,89
thompson,1,3,0.13685760145551346,-0.0009416792366248594,0.27465688214765177,True,89
thompson,2,1,0.08210382269314995,-0.11680721987158632,0.2810148652578862,True,89
thompson,2,2,-0.021670718079768416,-0.3126402388773558,0.26929880271781903,True,89
thompson,2,3,-0.3830651302101725,-0.5941576722174154,-0.17197258820292957,True,89
thompson,0,1,0.06675141617140867,-0.022393647118495577,0.1558964794613129,True,90
thompson,0,2,0.16023584637897742,0.02936681601101568,0.2911048767469392,True,90
thompson,0,3,0.17686104534462932,0.058785320111815406,0.2949367705774432,True,90
thompson,1,1,0.1859762064771573,0.06624277518759143,0.30570963776672316,True,90
thompson,1,2,0.1556154553923503,0.005867133768314214,0.3053637770163864,True,90
thompson,1,3,0.09926623800336107,-0.05565351226093648,0.2541859882676586,True,90
thompson,2,1,0.21681244303773894,0.03185757609979614,0.4017673099756818,True,90
thompson,2,2,0.028883529192630573,-0.21030063179491879,0.26806769018017995,True,90
thompson,2,3,-0.08441173919221652,-0.3072086183997508,0.1383851400153177,True,90
thompson,0,1,0.08908330951071262,-0.02466532182651761,0.20283194084794287,True,91
thompson,0,2,0.12127490415737437,-0.019188240828876033,0.26173804914362475,True,91
thompson,0,3,0.07394158366041158,-0.0989033512508251,0.24678651857164824,True,91
thompson,1,1,0.11722957832425329,-0.03697149521894333,0.2714306518674499,True,91
thompson,1,2,0.03565966835660763,-0.15185736821457657,0.22317670492779185,True,91
thompson,1,3,-0.07272215987706916,-0.3004021134424612,0.1549577936883229,True,91
thompson,2,1,0.10521615108162276,-0.13757883960502054,0.34801114176826603,True,91
thompson,2,2,-0.03764118435933881,-0.3081779639063736,0.23289559518769595,True,91
thompson,2,3,-0.20688984042554254,-0.5419473947645026,0.12816771391341758,True,91
thompson,0,1,0.05222255086009525,-0.05291808149812936,0.15736318321831988,True,92
thompson,0,2,0.04408688739203795,-0.09996974905908512,0.18814352384316102,True,92
thompson,0,3,0.1604120728648554,0.04601853659180237,0.2748056091379084,True,92
thompson,1,1,0.1224534196232605,0.00414800264167553,0.24075883660484548,True,92
thompson,1,2,-0.003615710234554448,-0.16458430966604776,0.15735288919693885,True,92
thompson,1,3,0.09118728782748645,-0.03586855846725978,0.21824313412223267,True,92
thompson,2,1,0.24596257067581842,0.09915489467401314,0.3927702466776237,True,92
thompson,2,2,0.17202224035855287,-0.045809516796437466,0.3898539975135432,True,92
thompson,2,3,-0.06067514132668549,-0.21854384345033423,0.09719356079696323,True,92
thompson,0,1,0.12275821129693522,0.012137508789521884,0.23337891380434855,True,93
thompson,0,2,0.17962195330757114,0.0437028355235588,0.31554107109158347,True,93
thompson,0,3,0.1687774072370732,-0.025324074559844922,0.36287888903399135,True,93
thompson,1,1,0.24060671776032708,0.09970442834693138,0.38150900717372277,True,93
thompson,1,2,0.18098559857240148,0.011120649899754365,0.3508505472450486,True,93
thompson,1,3,0.07933710443633006,-0.1343765492637199,0.29305075813638,True,93
thompson,2,1,0.34960075986414285,0.14703311353429083,0.5521684061939949,True,93
thompson,2,2,0.13413218051812933,-0.1129215692169592,0.3811859302532179,True,93
thompson,2,3,-0.0717272744266418,-0.37283151558338845,0.22937696673010488,True,93
thompson,0,1,0.04786764330552667,-0.07632502264020527,0.17206030925125862,True,94
thompson,0,2,0.19506010860302825,0.09678773976604298,0.2933324774400135,True,94
thompson,0,3,0.21678296331639382,0.12503414925966522,0.30853177737312243,True,94
thompson,1,1,0.0898463217981347,-0.07565145390225705,0.2553440974985265,True,94
thompson,1,2,0.07317664250691884,-0.0603969717226175,0.2067502567364552,True,94
thompson,1,3,0.0728920720843542,-0.05410859714696915,0.19989274131567758,True,94
thompson,2,1,0.14486336742350642,-0.07180214766113907,0.3615288825081519,True,94
thompson,2,2,-0.0645609547035779,-0.2523087126131482,0.1231868032059924,True,94
thompson,2,3,-0.13584853687944054,-0.3139889942174323,0.04229192045855126,True,94
thompson,0,1,0.17151322312151407,0.07212322977732033,0.2709032164657078,True,95
thompson,0,2,0.2757341626718685,0.15647581862580712,0.3949925067179299,True,95
thompson,0,3,0.31553045511680883,0.20833733877652735,0.4227235714570903,True,95
thompson,1,1,0.21272988225401007,0.07523321217619194,0.3502265523318282,True,95
thompson,1,2,0.16876585131694452,0.018607914683496346,0.31892378795039267,True,95
thompson,1,3,0.10049573457881947,-0.04112219930107386,0.2421136684587128,True,95
thompson,2,1,0.3580270490222611,0.11813014424238075,0.5979239538021415,True,95
thompson,2,2,0.10922977008340166,-0.1259736242426015,0.34443316440940486,True,95
thompson,2,3,0.040921292008100595,-0.2049799900891652,0.2868225741053664,True,95
thompson,0,1,0.08715370790447827,-0.0010782406907667574,0.1753856564997233,True,96
thompson,0,2,0.11899920665358503,0.015000523202379726,0.22299789010479032,True,96
thompson,0,3,0.19189114295885307,0.09512894992334833,0.28865333599435783,True,96
thompson,1,1,0.12508436767035427,0.01156339682463052,0.238605338516078,True,96
thompson,1,2,0.20145864932105834,0.0642703276994574,0.3386469709426593,True,96
thompson,1,3,0.1233632977839981,-0.0025784911128573784,0.24930508668085358,True,96
thompson,2,1,0.1267066241750962,-0.06872468627388248,0.3221379346240749,True,96
thompson,2,2,-0.08909406697801321,-0.3034312517982318,0.12524311784220538,True,96
thompson,2,3,-0.104882976697669,-0.30720430993942416,0.09743835654408614,True,96
thompson,0,1,0.16146533444200487,0.05618217149243933,0.2667484973915704,True,97
thompson,0,2,0.22928120719322206,0.08082068334220155,0.3777417310442426,True,97
thompson,0,3,0.2710321926136087,0.1141355188062913,0.42792886642092615,True,97
thompson,1,1,0.19181345301421393,0.04866359295420461,0.3349633130742232,True,97
thompson,1,2,0.10605021106533069,-0.09061777030929186,0.30271819243995324,True,97
thompson,1,3,0.011313312297541065,-0.15663439311464727,0.1792610177097294,True,97
thompson,2,1,0.3309594719759356,0.09660791302278593,0.5653110309290853,True,97
thompson,2,2,-0.03564541426330082,-0.3089877191058292,0.23769689057922755,True,97
thompson,2,3,-0.09200287014581245,-0.37979262855149587,0.195786888259871,True,97
thompson,0,1,0.1377372153270485,0.037956038189436936,0.23751839246466006,True,98
thompson,0,2,0.173102183012404,0.0444805508294733,0.30172381519533464,True,98
thompson,0,3,0.2513064472951706,0.13170974345661896,0.37090315113372224,True,98
thompson,1,1,0.161037030193722,0.003486295187250077,0.31858776520019394,True,98
thompson,1,2,0.11230967830440017,-0.07295680821528208,0.29757616482408245,True,98
thompson,1,3,0.12400458906942821,-0.049900972921645664,0.2979101510605021,True,98
thompson,2,1,0.4456612970313891,0.2593156270989335,0.6320069669638447,True,98
thompson,2,2,0.15305890393204336,-0.07100919904473926,0.37712700690882595,True,98
thompson,2,3,0.09268722757005407,-0.12195078731046016,0.3073252424505683,True,98
thompson,0,1,0.10664021437178513,0.004012181865337319,0.20926824687823292,True,99
thompson,0,2,0.1737432259704885,0.021908472889459157,0.32557797905151786,True,99
thompson,0,3,0.12543056832306704,-0.020640257489428576,0.2715013941355626,True,99
thompson,1,1,0.12291714330693111,-0.01426992133956749,0.2601042079534297,True,99
thompson,1,2,0.09244828764749083,-0.08044336984704056,0.2653399451420222,True,99
thompson,1,3,0.06894398248377726,-0.11869296508687563,0.25658093005443017,True,99
thompson,2,1,0.13513207617968426,-0.0669043210236415,0.33716847338301004,True,99
thompson,2,2,-0.03745877113767251,-0.33017529163981035,0.2552577493644654,True,99
thompson,2,3,-0.2522756933970254,-0.5186787651062457,0.014127378312194905,True,99
thompson,0,1,0.06294754131525414,-0.039343244653625,0.1652383272841333,True,100
thompson,0,2,0.12849711210586878,-0.017558360037201293,0.27455258424893886,True,100
thompson,0,3,0.12222160338313859,0.002700697207581107,0.24174250955869608,True,100
thompson,1,1,0.2105872464627187,0.08088563945682278,0.3402888534686146,True,100
thompson,1,2,0.206293130862332,0.018498746705743446,0.3940875150189206,True,100
thompson,1,3,0.14638020874027657,0.0007670434743934085,0.29199337400615977,True,100
thompson,2,1,0.2903047789857736,0.11963042636212659,0.4609791316094206,True,100
thompson,2,2,-0.077120724739019,-0.28561218949683254,0.13137074001879456,True,100
thompson,2,3,-0.04446716141531003,-0.23599612550668697,0.14706180267606694,True,100
thompson,0,1,0.004556538318833875,-0.13541325480012636,0.14452633143779411,True,101
thompson,0,2,0.134752798858779,0.030005331130752877,0.23950026658680512,True,101
thompson,0,3,0.13356436431897217,0.019263410432498906,0.24786531820544544,True,101
thompson,1,1,0.20531718808260097,0.041811984135915414,0.3688223920292865,True,101
thompson,1,2,0.1974353284682187,0.09264761757100602,0.3022230393654314,True,101
thompson,1,3,0.13616653145218682,0.013234533475784585,0.2590985294285891,True,101
thompson,2,1,0.35971330657945244,0.15292637096181227,0.5665002421970926,True,101
thompson,2,2,0.0911838019662975,-0.09000800203650283,0.2723756059690978,True,101
thompson,2,3,-0.05094440218293044,-0.2353716352383317,0.13348283087247081,True,101
thompson,0,1,0.09886925428490165,0.007608299817581807,0.19013020875222147,True,102
thompson,0,2,0.15955289558763924,0.00782337774236247,0.311282413432916,True,102
thompson,0,3,0.16537733780959732,0.04583729888099765,0.284917376738197,True,102
thompson,1,1,0.10629232744313291,-0.020408131020975273,0.2329927859072411,True,102
thompson,1,2,-0.06484613480502871,-0.23600938004786237,0.10631711043780495,True,102
thompson,1,3,0.03790904990747487,-0.1186201151300861,0.19443821494503585,True,102
thompson,2,1,0.24118154193247307,0.03987417353730796,0.44248891032763815,True,102
thompson,2,2,0.0006017531237915416,-0.2783390536991264,0.27954255994670946,True,102
thompson,2,3,-0.1863844981004797,-0.4175074412193245,0.04473844501836513,True,102
thompson,0,1,0.07910642634247624,-0.013049602005888408,0.1712624546908409,True,103
thompson,0,2,0.11709135949326055,0.018107902992232083,0.21607481599428902,True,103
thompson,0,3,0.2142250665798457,0.09160156532885481,0.33684856783083655,True,103
thompson,1,1,0.20703549468934737,0.09560407694765782,0.3184669124310369,True,103
thompson,1,2,0.13515614094352882,0.014419268185865794,0.25589301370119183,True,103
thompson,1,3,0.06625169623137019,-0.060683994519167686,0.19318738698190807,True,103
thompson,2,1,0.3227949162662428,0.13172220477191235,0.5138676277605733,True,103
thompson,2,2,0.06288462782501002,-0.14089343882020544,0.26666269447022545,True,103
thompson,2,3,0.10962957721350666,-0.11493125970265666,0.33419041412967,True,103
thompson,0,1,0.19033086527798404,0.09350450238203378,0.2871572281739343,True,104
thompson,0,2,0.22171982768294987,0.10380741341870194,0.3396322419471978,True,104
thompson,0,3,0.24105868417830173,0.08506923084251175,0.39704813751409174,True,104
thompson,1,1,0.2147528804669723,0.038178473196229634,0.39132728773771497,True,104
thompson,1,2,0.26846599320343945,0.06858265349130407,0.4683493329155748,True,104
thompson,1,3,0.03675680569168499,-0.18284381253026755,0.2563574239136375,True,104
thompson,2,1,0.34199208501408873,0.10369946352833248,0.580284706499845,True,104
thompson,2,2,0.12899144114603037,-0.13355522513145698,0.3915381074235177,True,104
thompson,2,3,0.15676087032486116,-0.12397044770769686,0.4374921883574192,True,104
thompson,0,1,0.029589498349127396,-0.09665805565797282,0.1558370523562276,True,105
thompson,0,2,0.14757494860554,0.009837380035172122,0.2853125171759079,True,105
thompson,0,3,0.14433803366056228,-0.0052724428044254035,0.29394851012554996,True,105
thompson,1,1,0.13830869346073524,-0.027669591682389777,0.3042869786038602,True,105
thompson,1,2,0.07781217164426124,-0.0968002243616676,0.25242456765019006,True,105
thompson,1,3,0.05491991163814361,-0.12178636254678071,0.23162618582306793,True,105
thompson,2,1,0.4510264263147703,0.24376926970599425,0.6582835829235464,True,105
thompson,2,2,0.2627368561048442,0.021087656854622938,0.5043860553550654,True,105
thompson,2,3,0.13378060155492355,-0.09538291120933004,0.36294411431917717,True,105
thompson,0,1,0.006921932543146084,-0.12352224713780803,0.1373661122241002,True,106
thompson,0,2,-0.05153233892476828,-0.23530685982846195,0.1322421819789254,True,106
thompson,0,3,0.11228891270567143,-0.049702716580604406,0.2742805419919473,True,106
thompson,1,1,0.15786623051796575,0.0009325952306464269,0.3147998658052851,True,106
thompson,1,2,-0.06048983863547325,-0.26480390182680325,0.14382422455585678,True,106
thompson,1,3,0.05767538367142761,-0.1267394260172961,0.2420901933601513,True,106
thompson,2,1,0.25870212681355825,0.017754378768471524,0.499649874858645,True,106
thompson,2,2,0.05927158176530568,-0.26708318027832423,0.38562634380893557,True,106
thompson,2,3,-0.011691128716715541,-0.2726187832900866,0.24923652585665554,True,106
thompson,0,1,0.15189470680497685,0.0336202174933672,0.2701691961165865,True,107
thompson,0,2,0.1812014516753823,0.07705298035292941,0.2853499229978352,True,107
thompson,0,3,0.2706911730316826,0.12411080943189703,0.4172715366314682,True,107
thompson,1,1,0.09484169185289093,-0.05471304401076879,0.24439642771655065,True,107
thompson,1,2,0.09222619427656402,-0.04456564582676391,0.22901803437989193,True,107
thompson,1,3,0.015234084761787675,-0.16479966931415596,0.1952678388377313,True,107
thompson,2,1,0.08672120212583112,-0.14293031715054286,0.31637272140220507,True,107
thompson,2,2,0.021805432491718485,-0.18123398933979643,0.2248448543232334,True,107
thompson,2,3,-0.2396678116467182,-0.4814648541951416,0.0021292309017052757,True,107
thompson,0,1,0.06650003415872317,-0.06692278561599553,0.1999228539334419,True,108
thompson,0,2,0.0968588903445496,-0.045775971169291926,0.2394937518583911,True,108
thompson,0,3,0.11090215200363274,-0.0683522320610585,0.290156536068324,True,108
thompson,1,1,0.199095586666891,0.0462942597320912,0.35189691360169084,True,108
thompson,1,2,0.10810731375115919,-0.05514614568780772,0.2713607731901261,True,108
thompson,1,3,0.019621378211616473,-0.1732038928566448,0.21244664927987775,True,108
thompson,2,1,0.2649054385029011,0.07154667342017354,0.4582642035856287,True,108
thompson,2,2,0.059084970108478095,-0.1505044571668534,0.2686743973838096,True,108
thompson,2,3,-0.04664183532384476,-0.29314196441865686,0.19985829377096737,True,108
thompson,0,1,0.10360399830287641,-0.019404592017950306,0.22661258862370312,True,109
thompson,0,2,0.13380285785771712,0.0003277875170287492,0.26727792819840546,True,109
thompson,0,3,0.16625265480046408,0.03650888677882,0.29599642282210814,True,109
thompson,1,1,0.12769023821459416,-0.03331292961257576,0.2886934060417641,True,109
thompson,1,2,0.10973441245414012,-0.05980371686926758,0.2792725417775478,True,109
thompson,1,3,0.06677126846564875,-0.09931115387399526,0.23285369080529278,True,109
thompson,2,1,0.10276446892500452,-0.13193745572774074,0.33746639357774977,True,109
thompson,2,2,-0.005864247163588171,-0.26113304451135416,0.24940455018417781,True,109
thompson,2,3,-0.14309660267011698,-0.38216610550733804,0.09597290016710408,True,109
thompson,0,1,0.1403574581636784,0.05235961792908267,0.22835529839827412,True,110
thompson,0,2,0.20824452542683483,0.10966603774062525,0.3068230131130444,True,110
thompson,0,3,0.3379725678802982,0.23140177994975775,0.4445433558108387,True,110
thompson,1,1,0.07542495459877756,-0.05683077362945489,0.20768068282701002,True,110
thompson,1,2,0.02974919671114456,-0.11259758421747729,0.17209597763976642,True,110
thompson,1,3,-0.10875029014533019,-0.25766246594184883,0.040161885651188445,True,110
thompson,2,1,0.11341440673599108,-0.028333573448787883,0.25516238692077003,True,110
thompson,2,2,-0.006284191416151136,-0.16454216930330562,0.15197378647100335,True,110
thompson,2,3,-0.16613139847761446,-0.3171938675855696,-0.015068929369659312,True,110
thompson,0,1,0.08850942377512731,-0.016820848297200874,0.1938396958474555,True,111
thompson,0,2,0.10669455725206171,-0.04399171471638043,0.25738082922050387,True,111
thompson,0,3,0.15007576831411756,0.029895477147933433,0.2702560594803017,True,111
thompson,1,1,0.18003101708481534,0.059381836451312106,0.30068019771831855,True,111
thompson,1,2,0.008171298733392831,-0.1625413500905347,0.17888394755732037,True,111
thompson,1,3,0.0887184070603962,-0.050103079952843396,0.22753989407363578,True,111
thompson,2,1,0.041846251806593564,-0.1321025395254331,0.21579504313862025,True,111
thompson,2,2,-0.08700848626115862,-0.3191616892757834,0.14514471675346619,True,111
thompson,2,3,-0.20476302252693743,-0.4015287488983262,-0.007997296155548672,True,111
thompson,0,1,0.1285501855251939,0.010732585759728741,0.24636778529065906,True,112
thompson,0,2,0.2560640875548971,0.06992247086560502,0.44220570424418926,True,112
thompson,0,3,0.20325131266811994,0.05949657658361951,0.34700604875262037,True,112
thompson,1,1,0.1970107838642668,0.050943567458251654,0.3430780002702819,True,112
thompson,1,2,-0.00692634000902149,-0.2326597206144621,0.21880704059641914,True,112
thompson,1,3,0.1336555820798708,-0.03769182148661915,0.30500298564636075,True,112
thompson,2,1,0.5288360416781313,0.3615368169835794,0.6961352663726831,True,112
thompson,2,2,0.4386572083642516,0.20754667750501082,0.6697677392234924,True,112
thompson,2,3,0.12906458054712733,-0.06937343947662811,0.32750260057088276,True,112
thompson,0,1,0.038259306244553926,-0.035869392393211574,0.11238800488231943,True,113
thompson,0,2,0.08840415039170284,-0.004920042529586416,0.1817283433129921,True,113
thompson,0,3,0.19033820947581648,0.06943741158240177,0.31123900736923116,True,113
thompson,1,1,0.19615013622384106,0.06338586301365975,0.3289144094340224,True,113
thompson,1,2,0.14426183586278696,-0.004769860135902887,0.2932935318614768,True,113
thompson,1,3,0.10201792396003813,-0.06026668879097395,0.2643025367110502,True,113
thompson,2,1,0.25812982579178295,0.0721094460065646,0.4441502055770013,True,113
thompson,2,2,-0.04867382635540782,-0.23709623654327275,0.1397485838324571,True,113
thompson,2,3,0.0013112933279020615,-0.22701519969378783,0.22963778634959195,True,113
thompson,0,1,0.0967729021680034,-0.023398585249786955,0.21694438958579376,True,114
thompson,0,2,0.11150783614135623,-0.048062609328225314,0.2710782816109378,True,114
thompson,0,3,0.21956628235701195,0.03801017134802526,0.40112239336599864,True,114
thompson,1,1,0.18814374324829192,0.04486506769646942,0.3314224188001144,True,114
thompson,1,2,0.15299144879817517,-0.05956449984193113,0.36554739743828146,True,114
thompson,1,3,0.12197581872843105,-0.07147350359062507,0.3154251410474872,True,114
thompson,2,1,0.4285765553604378,0.2167171123367024,0.6404359983841732,True,114
thompson,2,2,0.21061594439953324,-0.08780715942590511,0.5090390482249716,True,114
thompson,2,3,-0.022704763597841515,-0.2706107663134727,0.22520123911778966,True,114
thompson,0,1,0.10960125495677317,0.029119102846992637,0.1900834070665537,True,115
thompson,0,2,0.1868924195170865,0.09246803095664252,0.28131680807753046,True,115
thompson,0,3,0.20346259303236558,0.08568865672021815,0.321236529344513,True,115
thompson,1,1,0.22251627147899491,0.1036965826715992,0.3413359602863906,True,115
thompson,1,2,0.1801221564867014,0.04521075607591435,0.31503355689748846,True,115
thompson,1,3,0.13598703367596324,-0.019953943062735263,0.29192801041466176,True,115
thompson,2,1,0.43725260364683355,0.23372394648345848,0.6407812608102086,True,115
thompson,2,2,0.2640850639283356,0.04599035115358771,0.48217977670308343,True,115
thompson,2,3,0.2151410463653689,-0.0327578693255913,0.46303996205632914,True,115
thompson,0,1,0.12057208052506427,0.022431972584425044,0.2187121884657035,True,116
thompson,0,2,0.1774491826208789,0.07076651356364899,0.2841318516781088,True,116
thompson,0,3,0.21734306749509202,0.08495222092941429,0.34973391406076976,True,116
thompson,1,1,0.14140537713636886,-0.009512440131258681,0.2923231944039964,True,116
thompson,1,2,0.1120099159493696,-0.038259248580700705,0.26227908047943993,True,116
thompson,1,3,0.12549897205917945,-0.05930954559354923,0.31030748971190814,True,116
thompson,2,1,0.1344939484396161,-0.06686877065621441,0.33585666753544663,True,116
thompson,2,2,-0.038868302651891146,-0.24285037077888813,0.16511376547510584,True,116
thompson,2,3,-0.1388935964790237,-0.376013264086956,0.09822607112890863,True,116
thompson,0,1,0.03209886886780597,-0.11161965752005304,0.17581739525566498,True,117
thompson,0,2,0.11734570154909305,-0.040728511658214395,0.2754199147564005,True,117
thompson,0,3,0.1339753937913996,-0.03062927610158586,0.29858006368438506,True,117
thompson,1,1,0.1944197388600974,0.0290547557708645,0.3597847219493303,True,117
thompson,1,2,0.1691734054661191,-0.013521404315273933,0.3518682152475121,True,117
thompson,1,3,0.04520280741403394,-0.14440068847797105,0.2348063033060389,True,117
thompson,2,1,0.2901797158915288,0.05682405008160199,0.5235353817014556,True,117
thompson,2,2,0.05632314086510464,-0.19409548543796945,0.30674176716817875,True,117
thompson,2,3,0.08362425374754905,-0.18464836597396872,0.35189687346906684,True,117
thompson,0,1,0.0520279749231688,-0.061571233777457705,0.1656271836237953,True,118
thompson,0,2,0.09424352217321555,-0.0231829239942047,0.21166996834063578,True,118
thompson,0,3,0.11463551942432819,-0.03515582281211703,0.2644268616607734,True,118
thompson,1,1,0.19999818768331246,0.07455854675088092,0.325437828615744,True,118
thompson,1,2,0.2599308205747556,0.12203511348385507,0.39782652766565607,True,118
thompson,1,3,0.007966564987688473,-0.1442445671090525,0.16017769708442944,True,118
thompson,2,1,0.3150966989343849,0.13876744980553365,0.49142594806323614,True,118
thompson,2,2,0.053230127265521614,-0.12796073708054306,0.2344209916115863,True,118
thompson,2,3,-0.09641116660790597,-0.3223035419338297,0.1294812087180178,True,118
thompson,0,1,0.08412100528183306,-0.03944820952782875,0.20769022009149485,True,119
thompson,0,2,0.14030789253692802,0.009940146200294153,0.2706756388735619,True,119
thompson,0,3,0.12894919614022435,-0.02863766584848662,0.28653605812893534,True,119
thompson,1,1,0.32794485818437047,0.2010704605532411,0.45481925581549987,True,119
thompson,1,2,0.2721830138322091,0.13978887291211534,0.4045771547523029,True,119
thompson,1,3,0.13603560323778324,-0.04727404434768029,0.3193452508232468,True,119
thompson,2,1,0.32253810957778356,0.07265880508427855,0.5724174140712885,True,119
thompson,2,2,0.15586427273022352,-0.10082559700120253,0.41255414246164956,True,119
thompson,2,3,0.12986668203696425,-0.211811530576046,0.4715448946499745,True,119
thompson,0,1,0.12148438082917926,0.00030129705845045873,0.24266746459990807,True,120
thompson,0,2,0.16946785812089377,0.025526909015976262,0.31340880722581127,True,120
thompson,0,3,0.1886975836009335,0.046301212655272234,0.33109395454659474,True,120
thompson,1,1,0.18905744820612666,-0.0018699022324353831,0.3799847986446887,True,120
thompson,1,2,0.0866185066464027,-0.11607617167315648,0.28931318496596187,True,120
thompson,1,3,0.1336745603822014,-0.0736962778341115,0.34104539859851435,True,120
thompson,2,1,0.3942384086844031,0.19636122414298762,0.5921155932258185,True,120
thompson,2,2,0.3022903194989169,0.0900243826367019,0.5145562563611319,True,120
thompson,2,3,0.21599628843046112,-0.026787015713828993,0.4587795925747512,True,120
thompson,0,1,0.08623084179182286,-0.020386197055181035,0.19284788063882674,True,121
thompson,0,2,0.14113328155660707,0.029782988733467644,0.2524835743797465,True,121
thompson,0,3,0.22522194868306464,0.0983964534820827,0.3520474438840466,True,121
thompson,1,1,0.18442952865890358,0.04552975945330989,0.32332929786449727,True,121
thompson,1,2,0.1085504309267427,-0.03746303146785422,0.2545638933213396,True,121
thompson,1,3,0.11892676437066803,-0.045373890095922895,0.28322741883725894,True,121
thompson,2,1,0.15589618126079813,-0.033679809027207214,0.3454721715488035,True,121
thompson,2,2,0.03491817723606886,-0.16464447526011197,0.23448082973224968,True,121
thompson,2,3,-0.18355571949862523,-0.4124393174775831,0.04532787848033265,True,121
thompson,0,1,0.13022609590109413,0.030729696219747193,0.22972249558244107,True,122
thompson,0,2,0.2093134875193454,0.07428759630342543,0.3443393787352653,True,122
thompson,0,3,0.19951363377922932,0.0823812318854736,0.31664603567298505,True,122
thompson,1,1,0.08488705224837018,-0.07939975112362185,0.2491738556203622,True,122
thompson,1,2,-0.01039423091540336,-0.19142731708072763,0.1706388552499209,True,122
thompson,1,3,-0.07631302595577626,-0.2518742740654228,0.09924822215387026,True,122
thompson,2,1,0.28916725113141784,0.0416961236079475,0.5366383786548882,True,122
thompson,2,2,0.11014771580235984,-0.17121544966408847,0.3915108812688081,True,122
thompson,2,3,0.08162110007299361,-0.1931270221435037,0.3563692222894909,True,122
thompson,0,1,0.13837332216338324,0.029925606728161094,0.2468210375986054,True,123
thompson,0,2,0.09300249524726485,-0.06079556096961007,0.24680055146413976,True,123
thompson,0,3,0.33103426136047653,0.20134351459420274,0.4607250081267503,True,123
thompson,1,1,0.17188166000646657,0.04086504150856818,0.30289827850436496,True,123
thompson,1,2,0.15593478487400095,-0.03001267664153548,0.34188224638953735,True,123
thompson,1,3,0.10261876831612186,-0.05242278237646454,0.2576603190087083,True,123
thompson,2,1,0.1883557284449977,-0.02356605904256484,0.4002775159325602,True,123
thompson,2,2,0.04793587958367611,-0.25841448238582815,0.3542862415531804,True,123
thompson,2,3,-0.11076288132936585,-0.3328114773027739,0.11128571464404219,True,123
thompson,0,1,0.1119033102999575,0.01205839250741586,0.21174822809249913,True,124
thompson,0,2,0.15270129254177262,0.03900201307013307,0.26640057201341216,True,124
thompson,0,3,0.18150291987964742,0.029337973401116685,0.33366786635817813,True,124
thompson,1,1,0.19734210056402496,0.05206919486551523,0.3426150062625347,True,124
thompson,1,2,0.11071320786573587,-0.057577938206550425,0.27900435393802214,True,124
thompson,1,3,0.08671922011182884,-0.09835473652815091,0.2717931767518086,True,124
thompson,2,1,0.33181664173135367,0.12160293199126626,0.5420303514714411,True,124
thompson,2,2,0.2362209294786283,-6.103701123250094e-06,0.47244796265837985,True,124
thompson,2,3,-0.04489281253288091,-0.305009762175248,0.21522413710948618,True,124
thompson,0,1,0.013432055953406562,-0.10856104520600315,0.13542515711281627,True,125
thompson,0,2,0.08067526866206566,-0.04436965592574975,0.20572019324988106,True,125
thompson,0,3,0.1033860922213318,-0.060596843352974994,0.2673690277956386,True,125
thompson,1,1,0.12548363648836824,-0.01735065229322827,0.2683179252699648,True,125
thompson,1,2,0.126878819374336,-0.02232876623966476,0.2760864049883368,True,125
thompson,1,3,-0.003208653444720683,-0.18931835260201652,0.18290104571257515,True,125
thompson,2,1,0.2873378620711005,0.1054860924626339,0.4691896316795671,True,125
thompson,2,2,0.07616214548731796,-0.11289734700748051,0.26522163798211645,True,125
thompson,2,3,-0.07889828594295308,-0.3546007976073965,0.19680422572149037,True,125
thompson,0,1,0.06146656403404827,-0.012859588735246834,0.13579271680334337,True,126
thompson,0,2,0.08931553065816483,0.009707691844353702,0.16892336947197595,True,126
thompson,0,3,0.10840514099097859,0.0022104636469648248,0.21459981833499236,True,126
thompson,1,1,0.1783775098558725,0.07125956443922732,0.2854954552725177,True,126
thompson,1,2,0.14477227446392657,0.03395271646598784,0.2555918324618653,True,126
thompson,1,3,0.06740142863382209,-0.06878616161938628,0.20358901888703046,True,126
thompson,2,1,0.24785555643968463,0.08162024305939686,0.4140908698199724,True,126
thompson,2,2,0.0830373144008619,-0.0868881087452574,0.2529627375469812,True,126
thompson,2,3,0.011180637980866734,-0.21762569905561635,0.23998697501734984,True,126
thompson,0,1,0.14770727068861933,0.05212725238221616,0.2432872889950225,True,127
thompson,0,2,0.19084105985932684,0.052917966271276845,0.32876415344737686,True,127
thompson,0,3,0.2575869514381811,0.13850251396290303,0.3766713889134592,True,127
thompson,1,1,0.2785012199237113,0.1580930603141375,0.3989093795332851,True,127
thompson,1,2,0.24458194330961555,0.08457481832170463,0.4045890682975265,True,127
thompson,1,3,0.12883291071621084,-0.01901926767967757,0.2766850891120992,True,127
thompson,2,1,0.19491948871162576,-0.014945089894966929,0.4047840673182185,True,127
thompson,2,2,-0.1240974631640891,-0.36704093550655736,0.11884600917837915,True,127
thompson,2,3,-0.040313619354600004,-0.2731522668674781,0.19252502815827813,True,127
thompson,0,1,0.20566169874536833,0.11140157172721982,0.29992182576351684,True,128
thompson,0,2,0.2724781254154763,0.16350601482296717,0.3814502360079854,True,128
thompson,0,3,0.28414607452959334,0.1333377208115471,0.4349544282476396,True,128
thompson,1,1,0.14310526987123331,-0.027800460801968768,0.3140110005444354,True,128
thompson,1,2,0.13124915763000464,-0.046515602155170005,0.30901391741517925,True,128
thompson,1,3,0.14760284441129454,-0.0607060916952229,0.35591178051781197,True,128
thompson,2,1,0.26555322109263496,0.020656595161091834,0.5104498470241781,True,128
thompson,2,2,0.02697127190359794,-0.22956706064816662,0.2835096044553625,True,128
thompson,2,3,-0.1531106047919117,-0.448024724672056,0.14180351508823263,True,128
thompson,0,1,0.07961289816346723,-0.024608614531668196,0.18383441085860264,True,129
thompson,0,2,0.1452943165727292,0.03476152587449044,0.25582710727096797,True,129
thompson,0,3,0.2017037446586582,0.05867588096753709,0.34473160834977934,True,129
thompson,1,1,0.21248747859337225,0.07586690092700088,0.3491080562597436,True,129
thompson,1,2,0.13849857832389736,-0.005260414232650473,0.28225757088044523,True,129
thompson,1,3,0.12316444668295683,-0.03777826662139562,0.2841071599873093,True,129
thompson,2,1,0.23610748160357106,0.0063192663009760675,0.46589569690616606,True,129
thompson,2,2,0.09792706243033977,-0.1376156376432181,0.33346976250389765,True,129
thompson,2,3,-0.062056131178879294,-0.33043687860312904,0.20632461624537043,True,129
thompson,0,1,0.09102240485990996,-0.03242535858638877,0.21447016830620869,True,130
thompson,0,2,0.06820577404472201,-0.0731931830376565,0.20960473112710054,True,130
thompson,0,3,0.14615152057320968,-0.014083532095345352,0.3063865732417647,True,130
thompson,1,1,0.2159378067687794,0.07189469732702666,0.3599809162105322,True,130
thompson,1,2,0.18974475070950372,0.022476569392385237,0.3570129320266222,True,130
thompson,1,3,0.15920993185976295,-0.034938674062844316,0.35335853778237025,True,130
thompson,2,1,0.2995652100416438,0.08234514749511126,0.5167852725881764,True,130
thompson,2,2,0.22300928680865212,-0.029959258112017828,0.47597783172932207,True,130
thompson,2,3,0.07048569286615568,-0.20050529666821004,0.3414766824005214,True,130
thompson,0,1,0.12829591288804026,0.026576051205919077,0.23001577457016145,True,131
thompson,0,2,0.19836483817335465,0.0844275524770866,0.3123021238696227,True,131
thompson,0,3,0.245835421235693,0.10872752300476021,0.38294331946662574,True,131
thompson,1,1,0.17894464115217326,0.02100642224992144,0.3368828600544251,True,131
thompson,1,2,0.07476435478424216,-0.09630667446457576,0.2458353840330601,True,131
thompson,1,3,0.09871048914049757,-0.0915975144370528,0.2890184927180479,True,131
thompson,2,1,0.26092179763312856,0.013039183044801672,0.5088044122214554,True,131
thompson,2,2,0.038896306937313,-0.22490823484940464,0.30270084872403064,True,131
thompson,2,3,-0.0453944998935583,-0.3310237248020503,0.24023472501493365,True,131
thompson,0,1,0.09655718791445743,-0.007727607943084136,0.200841983771999,True,132
thompson,0,2,0.18954220178585202,0.08276236038767791,0.2963220431840261,True,132
thompson,0,3,0.19214781231402,0.0868500652733265,0.2974455593547135,True,132
thompson,1,1,0.12038854373894797,-0.0362359014850131,0.27701298896290905,True,132
thompson,1,2,0.04993533517108544,-0.10380246211908961,0.2036731324612605,True,132
thompson,1,3,0.034233050690121905,-0.1160079061419101,0.18447400752215393,True,132
thompson,2,1,0.13188409172917895,-0.03602545282494293,0.2997936362833008,True,132
thompson,2,2,-0.07175330492498819,-0.2340821403518986,0.09057553050192221,True,132
thompson,2,3,-0.12279679406879371,-0.2858898593710443,0.04029627123345683,True,132
thompson,0,1,0.19350942178154723,0.10640716726147176,0.2806116763016227,True,133
thompson,0,2,0.3091213348301258,0.2082299822410868,0.41001268741916486,True,133
thompson,0,3,0.3438857484608911,0.21997766697146898,0.4677938299503132,True,133
thompson,1,1,0.1141135144993022,-0.06510536206394522,0.2933323910625496,True,133
thompson,1,2,0.10845103703339481,-0.07650545235969403,0.29340752642648366,True,133
thompson,1,3,-0.0075100215492188436,-0.20688431817660566,0.19186427507816797,True,133
thompson,2,1,0.29991177939675573,0.052171375820247,0.5476521829732645,True,133
thompson,2,2,0.05531384651915617,-0.20263033941111203,0.31325803244942435,True,133
thompson,2,3,-0.0758503934036019,-0.3397240463693909,0.18802325956218713,True,133
thompson,0,1,0.03512421469498265,-0.1138588135891884,0.18410724297915368,True,134
thompson,0,2,0.1101162415188678,-0.03721383827563786,0.25744632131337347,True,134
thompson,0,3,0.08894400045908193,-0.09160662571685504,0.2694946266350189,True,134
thompson,1,1,0.17879227869610254,0.04807232118439708,0.309512236207808,True,134
thompson,1,2,0.14010309187034634,0.008835597464879219,0.27137058627581345,True,134
thompson,1,3,0.12784559706081283,-0.029724050800656404,0.2854152449222821,True,134
thompson,2,1,0.21819677324362213,0.010793933095983088,0.4255996133912612,True,134
thompson,2,2,0.01898246440206836,-0.1892121958241134,0.2271771246282501,True,134
thompson,2,3,0.02573970211596603,-0.2545256713318588,0.3060050755637909,True,134
thompson,0,1,0.08591903371008379,-0.02056254235918141,0.19240060977934897,True,135
thompson,0,2,0.10017182283235289,-0.025478732970147452,0.22582237863485322,True,135
thompson,0,3,0.22405463524833225,0.1093036371975972,0.3388056332990673,True,135
thompson,1,1,0.16039600626949269,0.010751909356190303,0.31004010318279507,True,135
thompson,1,2,0.021270302035278764,-0.14330099752064404,0.18584160159120158,True,135
thompson,1,3,0.022776611927667157,-0.1416620538203437,0.18721527767567803,True,135
thompson,2,1,0.060844032049817816,-0.15489883501598187,0.2765868991156175,True,135
thompson,2,2,-0.09041384864876763,-0.35799037228927366,0.17716267499173843,True,135
thompson,2,3,-0.24338206836807258,-0.48258951806242123,-0.0041746186737239566,True,135
thompson,0,1,0.07609031251927974,-0.052362197668290186,0.20454282270684965,True,136
thompson,0,2,0.19275240941703237,0.0735685987480202,0.31193622008604455,True,136
thompson,0,3,0.11673736739881774,-0.03726579146556103,0.2707405262631965,True,136
thompson,1,1,0.09375054056152,-0.07538710426886268,0.2628881853919027,True,136
thompson,1,2,0.09732033461411924,-0.057474887259788665,0.25211555648802714,True,136
thompson,1,3,0.07173548626489847,-0.12329381868111615,0.26676479121091307,True,136
thompson,2,1,0.2823453647070736,0.059126412847862436,0.5055643165662848,True,136
thompson,2,2,0.12367056152353939,-0.0806884859891204,0.32802960903619915,True,136
thompson,2,3,-0.005122250627764793,-0.25082920339188214,0.24058470213635252,True,136
thompson,0,1,-0.0074178469429520884,-0.1646498056484435,0.14981411176253934,True,137
thompson,0,2,0.1401561745528981,0.0026595343448220232,0.2776528147609742,True,137
thompson,0,3,0.16934740109151822,0.02553081336192914,0.3131639888211073,True,137
thompson,1,1,0.25291432773959793,0.08351975581047238,0.4223088996687235,True,137
thompson,1,2,0.20847688719899568,0.07654749373876912,0.34040628065922224,True,137
thompson,1,3,0.20007352989186822,0.049605476266237736,0.3505415835174987,True,137
thompson,2,1,-0.06050166327808705,-0.27170098636920065,0.15069765981302652,True,137
thompson,2,2,0.023432408096311547,-0.15221896992846806,0.19908378612109118,True,137
thompson,2,3,-0.123107176335881,-0.32541243977951856,0.07919808710775655,True,137
thompson,0,1,0.041834213477676914,-0.08815620092900389,0.1718246278843577,True,138
thompson,0,2,0.11369839291759118,-0.03281786352252522,0.26021464935770755,True,138
thompson,0,3,0.12325713152756806,-0.039016166673335934,0.2855304297284721,True,138
thompson,1,1,0.14551986330317546,-0.0032223479701268543,0.2942620745764778,True,138
thompson,1,2,0.11203163076349489,-0.052034025898129235,0.276097287425119,True,138
thompson,1,3,-0.021178533933621516,-0.1901059074800671,0.14774883961282406,True,138
thompson,2,1,0.19822828307236515,-0.01422575914231064,0.41068232528704096,True,138
thompson,2,2,-0.017166940333668675,-0.24886710448352065,0.2145332238161833,True,138
thompson,2,3,0.0550461706727776,-0.20048594923153246,0.3105782905770877,True,138
thompson,0,1,0.0991518560399297,-0.021664832588516245,0.21996854466837562,True,139
thompson,0,2,0.23299061464230225,0.10369920904191005,0.36228202024269446,True,139
thompson,0,3,0.22020257981599783,0.07976237541302064,0.360642784218975,True,139
thompson,1,1,0.023380672661683803,-0.13698468039205247,0.1837460257154201,True,139
thompson,1,2,-0.06925185725565029,-0.2354551675105857,0.0969514529992851,True,139
thompson,1,3,-0.014689062630830021,-0.19292135624677895,0.1635432309851189,True,139
thompson,2,1,0.39215184975316897,0.16030449279870912,0.6239992067076288,True,139
thompson,2,2,0.27207813967103056,0.03877697256137619,0.5053793067806849,True,139
thompson,2,3,0.0703477270259047,-0.17691358194522214,0.3176090359970315,True,139
thompson,0,1,0.024185849354349774,-0.09127958719471096,0.1396512859034105,True,140
thompson,0,2,0.11251764328069558,-0.029715001039992334,0.2547502876013835,True,140
thompson,0,3,0.11778920563461216,0.007052719966838872,0.22852569130238545,True,140
thompson,1,1,0.24330434253649902,0.14088345019701265,0.3457252348759854,True,140
thompson,1,2,0.16823386692188277,0.029302751303362073,0.3071649825404035,True,140
thompson,1,3,0.09153987071009609,-0.02536736812104716,0.20844710954123935,True,140
thompson,2,1,0.1472359679781252,-0.031323873148293574,0.325795809104544,True,140
thompson,2,2,0.05473818760815706,-0.18605550399525655,0.2955318792115707,True,140
thompson,2,3,-0.07381926371395234,-0.26311065266518324,0.11547212523727857,True,140
thompson,0,1,0.09051012367190622,-0.033173137572267114,0.21419338491607956,True,141
thompson,0,2,0.14945810659010883,0.02036449847370858,0.2785517147065091,True,141
thompson,0,3,0.14178259617456324,0.0001280747922734471,0.283437117556853,True,141
thompson,1,1,0.1901054671754173,0.01964999558824601,0.36056093876258855,True,141
thompson,1,2,0.13497543982753762,-0.03897173982966984,0.3089226194847451,True,141
thompson,1,3,0.12286947280128534,-0.0700632014273994,0.31580214702997006,True,141
thompson,2,1,0.20875048860657774,-0.019092342007586527,0.436593319220742,True,141
thompson,2,2,0.1102185338991427,-0.12842194549377833,0.34885901329206376,True,141
thompson,2,3,-0.015304328604096635,-0.2548704057993244,0.22426174859113115,True,141
thompson,0,1,0.12220651627485002,0.005322653733924723,0.23909037881577533,True,142
thompson,0,2,0.25506719439377273,0.12687393104390454,0.3832604577436409,True,142
thompson,0,3,0.19078993607402714,0.04112886141344416,0.34045101073461015,True,142
thompson,1,1,0.17503935701417445,-0.0033953604127616166,0.3534740744411105,True,142
thompson,1,2,0.06797115793754897,-0.12050416926364567,0.25644648513874363,True,142
thompson,1,3,0.06530489619150072,-0.14200731904303276,0.27261711142603423,True,142
thompson,2,1,0.3245640969986887,0.10207035210127496,0.5470578418961025,True,142
thompson,2,2,0.187167887087844,-0.051322610616394815,0.4256583847920828,True,142
thompson,2,3,0.10796202483989022,-0.16764608350546523,0.38357013318524563,True,142
thompson,0,1,0.14719043978215546,0.06738106041924158,0.22699981914506934,True,143
thompson,0,2,0.18426346379819109,0.06733206045586144,0.30119486714052074,True,143
thompson,0,3,0.13776920906159254,0.012162739896423719,0.26337567822676133,True,143
thompson,1,1,0.13883568947176575,-0.0007019553013893065,0.27837333424492083,True,143
thompson,1,2,0.05109375163349946,-0.11421889846635203,0.21640640173335096,True,143
thompson,1,3,0.019692352085247836,-0.16353519282971116,0.20291989700020682,True,143
thompson,2,1,0.3120212428759538,0.12700727806318501,0.49703520768872256,True,143
thompson,2,2,0.054006537167999476,-0.15945751086410795,0.2674705852001069,True,143
thompson,2,3,0.06388614945763464,-0.1799877746284418,0.3077600735437111,True,143
thompson,0,1,0.1689757321152832,0.08326037885132195,0.25469108537924445,True,144
thompson,0,2,0.2334123974915781,0.14502064187968894,0.32180415310346727,True,144
thompson,0,3,0.2507002609077424,0.14023373855790996,0.3611667832575748,True,144
thompson,1,1,0.06318967474619497,-0.09271556321212038,0.21909491270451031,True,144
thompson,1,2,0.0028791098099999377,-0.15370942564609452,0.15946764526609442,True,144
thompson,1,3,0.00805423642626323,-0.17979399974921936,0.19590247260174584,True,144
thompson,2,1,0.2514280654864159,0.008235814304187405,0.49462031666864437,True,144
thompson,2,2,0.0737011479993713,-0.17318858841973764,0.32059088441848027,True,144
thompson,2,3,-0.07068806938483975,-0.35048049523447533,0.20910435646479586,True,144
thompson,0,1,0.2126449980911396,0.12603266696760992,0.2992573292146693,True,145
thompson,0,2,0.30394874196397714,0.19077615114730995,0.41712133278064434,True,145
thompson,0,3,0.32395281010730886,0.1644288620724712,0.4834767581421465,True,145
thompson,1,1,0.20354537000696935,0.09505247899849173,0.31203826101544696,True,145
thompson,1,2,0.15154239815036463,0.024288846176723222,0.27879595012400604,True,145
thompson,1,3,0.06422788898567987,-0.11373244830302064,0.24218822627438036,True,145
thompson,2,1,0.15600075624423715,-0.06397755124921717,0.37597906373769147,True,145
thompson,2,2,-0.038729106717401304,-0.2923962269337371,0.2149380134989345,True,145
thompson,2,3,-0.35312511706542554,-0.6195026617562663,-0.08674757237458475,True,145
thompson,0,1,0.08281794227015445,-0.03812489549607781,0.2037607800363867,True,146
thompson,0,2,0.15124715211859055,0.025582123660545464,0.27691218057663564,True,146
thompson,0,3,0.2172016975827375,0.08620948514387272,0.34819391002160227,True,146
thompson,1,1,0.10287912177628372,-0.04683968427430474,0.2525979278268722,True,146
thompson,1,2,0.07236027618784922,-0.08548052562916054,0.230201078004859,True,146
thompson,1,3,0.03841818886362614,-0.1198814793942238,0.19671785712147608,True,146
thompson,2,1,0.25591302156607026,0.05487311819913787,0.45695292493300266,True,146
thompson,2,2,0.05431725009974292,-0.1577292542297868,0.2663637544292726,True,146
thompson,2,3,0.03144500246808175,-0.1869448457338869,0.24983485067005037,True,146
thompson,0,1,0.037359845732418295,-0.0926763109334782,0.16739600239831479,True,147
thompson,0,2,0.03876908566023024,-0.09954672917053797,0.17708490049099845,True,147
thompson,0,3,0.16304045311492352,0.03080280616490072,0.2952781000649463,True,147
thompson,1,1,0.30683687187704695,0.1811620121950647,0.4325117315590292,True,147
thompson,1,2,0.29944465558331296,0.14081421933331895,0.45807509183330697,True,147
thompson,1,3,0.22212098864632812,0.09549103923632507,0.3487509380563312,True,147
thompson,2,1,0.22468131116182888,-0.04205628819080254,0.4914189105144603,True,147
thompson,2,2,-0.019473642350086397,-0.3012095584968859,0.2622622737967131,True,147
thompson,2,3,-0.05544989990445063,-0.31760636946841486,0.2067065696595136,True,147
thompson,0,1,0.12994156652809305,0.02269058260520458,0.23719255045098153,True,148
thompson,0,2,0.2343036165883417,0.11059858000132544,0.35800865317535796,True,148
thompson,0,3,0.2653810951537257,0.14203354952823954,0.3887286407792119,True,148
thompson,1,1,0.267383414708367,0.11605715187158888,0.41870967754514515,True,148
thompson,1,2,0.214650270733613,0.05074873027873844,0.3785518111884876,True,148
thompson,1,3,0.20540243372525524,0.04255984765012277,0.3682450198003877,True,148
thompson,2,1,0.3908528204406745,0.20525434227612188,0.576451298605227,True,148
thompson,2,2,0.14985146919442863,-0.06142188219685815,0.3611248205857154,True,148
thompson,2,3,0.13737261263187833,-0.057893217259675694,0.33263844252343233,True,148
thompson,0,1,-0.014359290963530884,-0.16947349908259246,0.14075491715553068,True,149
thompson,0,2,0.07172649632336779,-0.10777626395522986,0.25122925660196543,True,149
thompson,0,3,0.1367074064568667,-0.023568596724083263,0.29698340963781666,True,149
thompson,1,1,0.14449224130624874,-0.0032120007475569257,0.29219648336005444,True,149
thompson,1,2,0.11325608142544503,-0.07781493880582972,0.3043271016567198,True,149
thompson,1,3,0.07113520248426583,-0.08611624551907798,0.22838665048760964,True,149
thompson,2,1,0.338534173455034,0.10512170096746648,0.5719466459426015,True,149
thompson,2,2,0.053069796500303246,-0.23443921493342362,0.3405788079340301,True,149
thompson,2,3,0.0418084502060454,-0.20709801320585208,0.2907149136179429,True,149
