policy,rep,cumulative_reward,expected_cumulative_reward,oracle_regret,share_arm0,share_arm1,share_arm2,share_arm3
fixed,0,1433.0,1378.1020993230832,421.211827028323,0.24825,0.258,0.24425,0.2495
fixed,1,1354.0,1385.6106804276033,420.98668292540304,0.25875,0.2565,0.25,0.23475
fixed,2,1324.0,1344.322690395314,411.2279170758532,0.25925,0.245,0.24675,0.249
fixed,3,1386.0,1371.3188937341984,414.93428700761535,0.251,0.254,0.2385,0.2565
fixed,4,1344.0,1376.9211699879795,413.7648046411064,0.2505,0.24225,0.23375,0.2735
fixed,5,1376.0,1376.1711772596211,406.7311708732544,0.24875,0.2445,0.24575,0.261
fixed,6,1386.0,1394.6904009744571,412.686593238465,0.25375,0.25775,0.24525,0.24325
fixed,7,1346.0,1375.4225128135877,414.681126964221,0.246,0.235,0.26575,0.25325
fixed,8,1403.0,1377.7262683706838,403.2238798573416,0.24425,0.2535,0.23625,0.266
fixed,9,1393.0,1389.221262880959,417.4558036835659,0.2535,0.2555,0.2445,0.2465
fixed,10,1440.0,1379.322092978401,405.418168153665,0.2405,0.25075,0.24975,0.259
fixed,11,1401.0,1384.1852608871764,415.3058306086799,0.2515,0.25,0.25075,0.24775
fixed,12,1358.0,1370.4107030490622,412.721778046324,0.246,0.26225,0.24875,0.243
fixed,13,1366.0,1401.2498788217924,404.0252700421622,0.242,0.257,0.253,0.248
fixed,14,1404.0,1380.9783911258992,411.689497111698,0.247,0.2515,0.2485,0.253
fixed,15,1409.0,1383.6962546777347,422.6382275013103,0.26075,0.23825,0.24925,0.25175
fixed,16,1354.0,1377.4412020555003,401.66969191675446,0.24425,0.24525,0.2565,0.254
fixed,17,1412.0,1384.497612486173,427.300143955606,0.25825,0.246,0.244,0.25175
fixed,18,1367.0,1387.133650696198,405.7260741264108,0.23975,0.26375,0.255,0.2415
fixed,19,1421.0,1389.1621204954529,416.5174467831717,0.25325,0.25775,0.2465,0.2425
fixed,20,1393.0,1389.135979466795,412.0442656968173,0.2485,0.255,0.24925,0.24725
fixed,21,1424.0,1386.6799652444631,402.1069558471373,0.24575,0.25575,0.252,0.2465
fixed,22,1421.0,1391.362181518292,399.06607450873696,0.2325,0.26225,0.2455,0.25975
fixed,23,1388.0,1379.863572844928,423.7014445482861,0.25725,0.243,0.247,0.25275
fixed,24,1335.0,1373.8751152188856,407.5603965283684,0.25425,0.246,0.2545,0.24525
fixed,25,1337.0,1372.5048115169386,418.5753502841237,0.2595,0.25525,0.24475,0.2405
fixed,26,1335.0,1360.7931100204771,413.1383584019399,0.25075,0.24525,0.25375,0.25025
fixed,27,1371.0,1379.6048984861277,410.6430085838748,0.2445,0.2405,0.24875,0.26625
fixed,28,1372.0,1386.5108149650234,407.51708386475406,0.24575,0.251,0.25075,0.2525
fixed,29,1359.0,1371.7742580731965,411.8645360496623,0.25675,0.25275,0.247,0.2435
fixed,30,1397.0,1373.261206949219,417.65011421158647,0.25725,0.24075,0.25325,0.24875
fixed,31,1374.0,1377.943224182558,405.31300108463614,0.24375,0.25,0.26475,0.2415
fixed,32,1385.0,1375.9050580876374,416.67111274922297,0.254,0.246,0.2505,0.2495
fixed,33,1401.0,1390.407799786875,406.33551382794224,0.2475,0.2495,0.25275,0.25025
fixed,34,1369.0,1357.4242449052292,414.0818383945672,0.2565,0.236,0.26225,0.24525
fixed,35,1382.0,1373.6575854715218,404.1720235167911,0.24425,0.2625,0.244,0.24925
fixed,36,1413.0,1365.478574891989,413.1236906847212,0.2535,0.2375,0.25775,0.25125
fixed,37,1395.0,1389.6595826299022,411.706765522404,0.24575,0.24475,0.26075,0.24875
fixed,38,1412.0,1381.8516752537384,416.2478043512469,0.2485,0.24975,0.2445,0.25725
fixed,39,1333.0,1370.7509321201603,413.7426154444346,0.258,0.2455,0.24,0.2565
fixed,40,1351.0,1368.9108340179992,410.2006803579093,0.2535,0.24575,0.2565,0.24425
fixed,41,1405.0,1377.9946459394223,404.1569302027442,0.25825,0.24775,0.252,0.242
fixed,42,1373.0,1385.5926485896234,398.6640925316794,0.248,0.25325,0.25325,0.2455
fixed,43,1389.0,1384.711623880558,404.2993019094861,0.246,0.243,0.26225,0.24875
fixed,44,1394.0,1404.5293418076828,405.9806623006463,0.239,0.254,0.2505,0.2565
fixed,45,1415.0,1394.380512051344,407.8061339948307,0.241,0.254,0.255,0.25
fixed,46,1409.0,1384.7668553080448,406.3986673866184,0.24675,0.25075,0.24325,0.25925
fixed,47,1378.0,1387.889248127111,411.6091269062139,0.254,0.2435,0.2525,0.25
fixed,48,1400.0,1360.2075469044282,415.1535834260597,0.268,0.2465,0.236,0.2495
fixed,49,1379.0,1397.3979593618662,396.7165360824002,0.2455,0.265,0.25275,0.23675
fixed,50,1376.0,1373.2244848574603,413.6464248618007,0.259,0.23875,0.258,0.24425
fixed,51,1393.0,1383.2759733710996,417.3450825425302,0.25325,0.24875,0.2455,0.2525
fixed,52,1417.0,1380.5968484445452,410.56776374031176,0.2515,0.24825,0.2495,0.25075
fixed,53,1372.0,1371.7030976188837,413.178911918668,0.25225,0.2545,0.24175,0.2515
fixed,54,1417.0,1384.0794847956618,409.7371773497306,0.25725,0.25375,0.2485,0.2405
fixed,55,1417.0,1379.1921905248355,414.4652493088011,0.24825,0.2415,0.252,0.25825
fixed,56,1355.0,1369.1796298856875,411.63392079447857,0.2495,0.2495,0.237,0.264
fixed,57,1332.0,1370.8699354318774,403.802104296384,0.24575,0.2405,0.25725,0.2565
fixed,58,1400.0,1375.3476348247073,403.8277899645425,0.251,0.254,0.24425,0.25075
fixed,59,1363.0,1384.1853479981364,406.18882413588,0.24875,0.2485,0.2485,0.25425
fixed,60,1382.0,1371.967631031246,411.5346953409127,0.25675,0.2525,0.25075,0.24
fixed,61,1373.0,1388.6606192923168,413.2308185283301,0.24775,0.249,0.258,0.24525
fixed,62,1395.0,1375.5523752239571,426.7296451792536,0.275,0.2445,0.24075,0.23975
fixed,63,1359.0,1376.499165614929,411.9952674006258,0.25225,0.24275,0.25775,0.24725
fixed,64,1388.0,1387.0786818186907,410.9702518005676,0.26025,0.2505,0.24475,0.2445
fixed,65,1365.0,1377.4052197824176,413.235481610625,0.252,0.244,0.25775,0.24625
fixed,66,1406.0,1362.6537834035066,401.9556467666242,0.24925,0.24625,0.2515,0.253
fixed,67,1421.0,1374.1925270899014,412.1952254151164,0.2555,0.24575,0.24375,0.255
fixed,68,1337.0,1384.797261192603,415.9230213097911,0.25225,0.25475,0.247,0.246
fixed,69,1430.0,1378.9359329494143,408.7560952853578,0.24275,0.24025,0.25825,0.25875
fixed,70,1376.0,1373.808873947342,414.3286833830912,0.2505,0.235,0.256,0.2585
fixed,71,1407.0,1384.9985123257147,409.4854712112918,0.24675,0.25375,0.24575,0.25375
fixed,72,1338.0,1373.5673652969997,424.7528334748504,0.25,0.237,0.25775,0.25525
fixed,73,1370.0,1375.9738691450864,409.372536146273,0.246,0.2555,0.24975,0.24875
fixed,74,1410.0,1366.7869036856105,398.472519264718,0.2455,0.25625,0.25825,0.24
fixed,75,1348.0,1397.4358292260729,404.0275890683432,0.2405,0.2665,0.25175,0.24125
fixed,76,1340.0,1372.0985392460198,415.121705578929,0.25125,0.25325,0.25175,0.24375
fixed,77,1421.0,1386.6390356576867,408.5217573742589,0.255,0.257,0.25825,0.22975
fixed,78,1368.0,1388.7589137946884,414.5814186724651,0.2445,0.24875,0.2435,0.26325
fixed,79,1401.0,1380.3297690444156,417.79663370917336,0.2515,0.247,0.242,0.2595
fixed,80,1373.0,1369.7061198168406,417.2839425715244,0.25775,0.2475,0.244,0.25075
fixed,81,1375.0,1378.1210135924632,408.1276138750505,0.2465,0.2585,0.24725,0.24775
fixed,82,1367.0,1369.880308640234,408.0780860912023,0.244,0.25025,0.25675,0.249
fixed,83,1353.0,1359.7467719053263,412.1933783785985,0.25625,0.24725,0.2565,0.24
fixed,84,1450.0,1375.9661136232878,406.6847131693746,0.24475,0.256,0.25325,0.246
fixed,85,1461.0,1389.4697372443595,411.31713000362527,0.25225,0.2525,0.2585,0.23675
fixed,86,1403.0,1377.9081517021873,409.5317279319896,0.25625,0.24425,0.25775,0.24175
fixed,87,1339.0,1365.1540658062836,412.1204369037694,0.25925,0.258,0.23725,0.2455
fixed,88,1382.0,1357.857884642242,407.9712739672837,0.2475,0.25425,0.25275,0.2455
fixed,89,1388.0,1393.4161994385213,396.53509493528935,0.2335,0.2625,0.26475,0.23925
fixed,90,1353.0,1378.5205766998783,419.39990251601046,0.24575,0.24825,0.25125,0.25475
fixed,91,1362.0,1368.7201778138428,414.1846334754042,0.25525,0.256,0.24975,0.239
fixed,92,1376.0,1369.8308172036598,413.15468255409314,0.24875,0.25175,0.25175,0.24775
fixed,93,1348.0,1369.388445192214,412.1264344042102,0.25125,0.25775,0.246,0.245
fixed,94,1421.0,1373.083727546339,412.0084904022287,0.24775,0.24175,0.2555,0.255
fixed,95,1357.0,1377.7599823080334,402.458752427693,0.244,0.25225,0.24675,0.257
fixed,96,1290.0,1381.3710118321692,408.8906164632958,0.23975,0.2505,0.2505,0.25925
fixed,97,1362.0,1383.3151712573276,410.93717172925386,0.25425,0.24875,0.25475,0.24225
fixed,98,1423.0,1389.385180065062,399.37866052921066,0.251,0.26675,0.2415,0.24075
fixed,99,1371.0,1390.0426909064006,411.9521504355093,0.2495,0.25625,0.247,0.24725
fixed,100,1404.0,1388.0448854337392,413.677762740096,0.25175,0.239,0.25625,0.253
fixed,101,1388.0,1370.6711795624435,411.2353812026991,0.245,0.23875,0.25975,0.2565
fixed,102,1387.0,1379.0243836735003,417.1281730378199,0.25775,0.25225,0.2385,0.2515
fixed,103,1373.0,1375.0034098723668,407.2115434946712,0.23925,0.25875,0.25425,0.24775
fixed,104,1375.0,1387.980451700792,408.9296432606961,0.2445,0.249,0.251,0.2555
fixed,105,1411.0,1377.882362323877,412.3438883627034,0.256,0.242,0.262,0.24
fixed,106,1397.0,1380.190547057586,416.5870748539845,0.2495,0.26175,0.24125,0.2475
fixed,107,1366.0,1372.2428242751205,416.2894084486115,0.259,0.24575,0.2515,0.24375
fixed,108,1398.0,1364.0298699849964,409.49888476488,0.25025,0.24575,0.2565,0.2475
fixed,109,1418.0,1374.1623570237812,421.7007863550505,0.271,0.234,0.252,0.243
fixed,110,1391.0,1382.3720043632886,406.2448930052949,0.24575,0.25025,0.2565,0.2475
fixed,111,1370.0,1384.2445710558843,411.2115273237565,0.2425,0.2505,0.25725,0.24975
fixed,112,1349.0,1376.5631392184134,406.0795549346445,0.24525,0.25675,0.2405,0.2575
fixed,113,1403.0,1368.8643371881797,411.6895240039525,0.2535,0.25375,0.238,0.25475
fixed,114,1395.0,1360.1978572185033,416.6435001961659,0.25375,0.24225,0.255,0.249
fixed,115,1395.0,1367.7812282096206,408.8372430108492,0.2525,0.251,0.26175,0.23475
fixed,116,1346.0,1377.7318985124302,414.5214792122672,0.25625,0.243,0.24575,0.255
fixed,117,1361.0,1377.3600748149292,421.4201301842333,0.2605,0.24325,0.24625,0.25
fixed,118,1381.0,1375.7888666958013,409.6136927672245,0.26475,0.2425,0.2525,0.24025
fixed,119,1316.0,1393.3263302107157,406.0048532513407,0.247,0.25975,0.24025,0.253
fixed,120,1407.0,1388.157545899972,407.6053512073248,0.2445,0.252,0.25275,0.25075
fixed,121,1412.0,1377.9557835868925,424.5675560699712,0.2585,0.24725,0.26,0.23425
fixed,122,1447.0,1385.3564061157813,410.0756450338246,0.25325,0.24525,0.252,0.2495
fixed,123,1416.0,1375.1107840889654,420.8378258631582,0.25225,0.243,0.2485,0.25625
fixed,124,1399.0,1378.8326387659122,402.6533938171706,0.24775,0.25,0.2615,0.24075
fixed,125,1366.0,1384.3741074257778,416.0838124241834,0.25275,0.25175,0.24725,0.24825
fixed,126,1397.0,1373.4535528258896,410.5229064754182,0.24675,0.24675,0.25275,0.25375
fixed,127,1346.0,1375.6426053308255,408.3624221535333,0.24925,0.24775,0.24675,0.25625
fixed,128,1341.0,1374.482295050338,415.3238568732916,0.25225,0.24875,0.251,0.248
fixed,129,1391.0,1370.967393044299,399.8552300104807,0.23575,0.2495,0.25925,0.2555
fixed,130,1360.0,1387.686301933824,406.856812416402,0.23325,0.25875,0.266,0.242
fixed,131,1355.0,1377.199507354036,416.03768829623175,0.2545,0.25075,0.24625,0.2485
fixed,132,1401.0,1376.3607967615883,413.5669479843221,0.24575,0.25175,0.256,0.2465
fixed,133,1416.0,1367.3709352949336,414.4620456855101,0.25175,0.2505,0.2525,0.24525
fixed,134,1378.0,1367.6179912758985,420.74548669709486,0.254,0.23425,0.2585,0.25325
fixed,135,1363.0,1379.046022431614,395.6045550624437,0.23975,0.26625,0.24725,0.24675
fixed,136,1381.0,1389.2481932761234,415.70814505346186,0.2475,0.24475,0.25375,0.254
fixed,137,1334.0,1374.4369835043758,409.3456081388157,0.25575,0.24775,0.2465,0.25
fixed,138,1372.0,1369.613256877136,418.4909962439984,0.248,0.24325,0.256,0.25275
fixed,139,1410.0,1377.1822019347069,410.345566784542,0.2595,0.246,0.24725,0.24725
fixed,140,1432.0,1384.7553161203095,405.403801846853,0.25275,0.24825,0.24025,0.25875
fixed,141,1364.0,1380.9787861385992,413.1123561203655,0.24875,0.24725,0.2455,0.2585
fixed,142,1393.0,1375.9858742151987,404.3325286625957,0.25325,0.255,0.2385,0.25325
fixed,143,1374.0,1375.848804800121,410.4503796135514,0.25725,0.25425,0.24625,0.24225
fixed,144,1356.0,1386.1874705970918,408.22799817834414,0.25,0.251,0.2425,0.2565
fixed,145,1393.0,1388.5653941438322,413.32268810388285,0.24575,0.2395,0.24475,0.27
fixed,146,1349.0,1377.7658966264894,417.5082660120006,0.2545,0.25275,0.24575,0.247
fixed,147,1402.0,1377.1885387955767,410.9792791588172,0.25175,0.263,0.2425,0.24275
fixed,148,1367.0,1381.056167497782,411.7161949023987,0.252,0.26,0.242,0.246
fixed,149,1437.0,1384.9521431367148,425.0397218161481,0.263,0.25575,0.244,0.23725
fixed,150,1432.0,1371.133122553268,408.3456412594407,0.248,0.2435,0.2535,0.255
fixed,151,1372.0,1375.672330970526,403.1127961531531,0.251,0.2465,0.25625,0.24625
fixed,152,1412.0,1383.5135906018031,413.1726998965249,0.257,0.25475,0.24425,0.244
fixed,153,1414.0,1383.940936657716,414.4320150324197,0.2495,0.24325,0.26075,0.2465
fixed,154,1360.0,1378.777896992269,408.286603953439,0.24425,0.24975,0.25725,0.24875
fixed,155,1362.0,1355.2967666618074,410.0066978716765,0.25525,0.2425,0.253,0.24925
fixed,156,1352.0,1375.95616012583,408.15998520613743,0.24525,0.24625,0.25125,0.25725
fixed,157,1396.0,1380.6504641624392,404.4547766062464,0.253,0.25425,0.25775,0.235
fixed,158,1393.0,1375.0136197843826,407.6613484355103,0.247,0.257,0.2525,0.2435
fixed,159,1393.0,1378.8755720950726,406.3468292161055,0.2445,0.2575,0.2485,0.2495
fixed,160,1413.0,1396.1463509863618,414.7569340858921,0.241,0.2585,0.2545,0.246
fixed,161,1357.0,1384.1495185506224,406.1212442490647,0.24775,0.23875,0.2535,0.26
fixed,162,1414.0,1381.1496306200047,419.8490182257465,0.24175,0.24725,0.2475,0.2635
fixed,163,1292.0,1353.7991305003388,414.0272309197527,0.25775,0.24125,0.2425,0.2585
fixed,164,1389.0,1388.700951531161,414.282483324695,0.253,0.2445,0.243,0.2595
fixed,165,1388.0,1379.119765638408,407.5242323596307,0.24575,0.25725,0.24975,0.24725
fixed,166,1370.0,1381.2866194936137,406.7179705072904,0.252,0.25625,0.2385,0.25325
fixed,167,1384.0,1380.907199813439,413.52324403126346,0.25375,0.25025,0.248,0.248
fixed,168,1377.0,1390.9965871253476,416.743729100536,0.249,0.254,0.23875,0.25825
fixed,169,1424.0,1396.342102895902,403.69266712213687,0.23575,0.262,0.25325,0.249
fixed,170,1289.0,1361.7592972618822,413.47717252874463,0.25525,0.249,0.2515,0.24425
fixed,171,1376.0,1369.4041269009924,412.2459386995566,0.24625,0.2505,0.2515,0.25175
fixed,172,1321.0,1374.4862106883556,406.9416116321389,0.2485,0.25525,0.2455,0.25075
fixed,173,1367.0,1391.301922214384,400.96923997544206,0.2455,0.26375,0.25175,0.239
fixed,174,1377.0,1389.0715244597989,410.12419713664,0.252,0.24725,0.256,0.24475
fixed,175,1343.0,1386.651122742339,409.5650354276443,0.24925,0.246,0.2495,0.25525
fixed,176,1376.0,1376.5006300024693,405.505892111654,0.24925,0.23975,0.256,0.255
fixed,177,1370.0,1383.4035221804995,405.271617507011,0.255,0.248,0.25325,0.24375
fixed,178,1377.0,1386.354989963696,406.6380215584521,0.24725,0.26375,0.24425,0.24475
fixed,179,1435.0,1380.7009355360456,416.3813886333624,0.2555,0.2435,0.2495,0.2515
fixed,180,1329.0,1394.4586397807384,422.4762905373772,0.262,0.24975,0.24225,0.246
fixed,181,1375.0,1379.077733895735,404.10002573787926,0.2445,0.244,0.258,0.2535
fixed,182,1394.0,1394.342557399722,405.02776252378345,0.24275,0.25125,0.255,0.251
fixed,183,1391.0,1359.399979966072,421.2816294264133,0.2615,0.2525,0.244,0.242
fixed,184,1392.0,1373.5289447344826,411.6863469692187,0.25275,0.25725,0.23225,0.25775
fixed,185,1368.0,1379.4004731202,404.30301309354354,0.247,0.2425,0.2695,0.241
fixed,186,1390.0,1379.297935186168,403.65936210923945,0.25175,0.25625,0.2465,0.2455
fixed,187,1380.0,1382.388411142631,410.2773443506754,0.24775,0.24575,0.2575,0.249
fixed,188,1432.0,1384.529069742541,411.1391239664337,0.251,0.25275,0.25275,0.2435
fixed,189,1379.0,1361.4557073042797,417.1724076883462,0.25175,0.2475,0.26425,0.2365
fixed,190,1346.0,1372.6515028474553,411.05082318163335,0.2465,0.248,0.2595,0.246
fixed,191,1362.0,1379.4445900009446,404.903137957642,0.23975,0.25725,0.25075,0.25225
fixed,192,1401.0,1376.899993183934,410.53793006405647,0.2565,0.24925,0.24325,0.251
fixed,193,1371.0,1377.4206550868075,410.3572047066944,0.2495,0.24525,0.25625,0.249
fixed,194,1371.0,1359.895025455496,425.78907634186186,0.2645,0.24775,0.23425,0.2535
fixed,195,1404.0,1370.5811809611337,414.1102918817785,0.258,0.2685,0.2355,0.238
fixed,196,1418.0,1401.6146966505075,402.25516191688087,0.23625,0.2635,0.2475,0.25275
fixed,197,1401.0,1395.499137221384,412.4537654337985,0.2515,0.24725,0.253,0.24825
fixed,198,1357.0,1369.7609480535098,397.22205457555935,0.2455,0.2645,0.2485,0.2415
fixed,199,1383.0,1397.0673102833744,408.6105202064955,0.2535,0.255,0.24425,0.24725
fixed,200,1425.0,1397.068128737221,404.0487763209808,0.25175,0.258,0.247,0.24325
fixed,201,1330.0,1360.0214729072363,408.98074607166416,0.248,0.2575,0.242,0.2525
fixed,202,1372.0,1364.2411343946203,406.7881915550717,0.25725,0.24675,0.2485,0.2475
fixed,203,1414.0,1372.1165567515247,424.78042585416,0.2635,0.2375,0.25075,0.24825
fixed,204,1405.0,1366.7975409302612,402.0174695940171,0.24425,0.24725,0.25125,0.25725
fixed,205,1414.0,1380.4744224609867,415.0609750894,0.2495,0.24975,0.259,0.24175
fixed,206,1310.0,1358.6527032912134,414.74991976644105,0.251,0.24925,0.2455,0.25425
fixed,207,1346.0,1379.2288911249543,413.0373055506712,0.24975,0.24125,0.2615,0.2475
fixed,208,1398.0,1377.3509504305773,413.7743579008357,0.24875,0.26125,0.23325,0.25675
fixed,209,1350.0,1396.9135083673864,406.4145647843732,0.24175,0.2535,0.25825,0.2465
fixed,210,1409.0,1374.3494984165015,406.4823947527853,0.24975,0.25225,0.25625,0.24175
fixed,211,1414.0,1395.2097074281428,417.6246939338501,0.25125,0.23725,0.249,0.2625
fixed,212,1452.0,1386.8595756255395,403.26642262411775,0.23775,0.26375,0.252,0.2465
fixed,213,1406.0,1386.7497821108466,399.08274046105066,0.25225,0.24025,0.2555,0.252
fixed,214,1397.0,1395.0262523540923,410.3936296520394,0.251,0.24025,0.26125,0.2475
fixed,215,1398.0,1368.1384857680366,416.4406290242878,0.256,0.24875,0.2515,0.24375
fixed,216,1348.0,1381.2940813496225,403.2844459709008,0.24975,0.26125,0.235,0.254
fixed,217,1383.0,1366.4063210718605,399.90678643125057,0.2425,0.25025,0.25275,0.2545
fixed,218,1321.0,1373.898291519739,419.3418356216566,0.2485,0.24575,0.25575,0.25
fixed,219,1330.0,1352.533578616406,409.8995637464833,0.2485,0.25925,0.244,0.24825
fixed,220,1364.0,1392.6885168699598,406.3028465429285,0.239,0.257,0.253,0.251
fixed,221,1330.0,1366.15415846298,410.343662482492,0.2515,0.23825,0.26175,0.2485
fixed,222,1308.0,1369.170115532765,416.5431523870333,0.256,0.25425,0.2515,0.23825
fixed,223,1330.0,1367.185637608779,424.4074441681665,0.2705,0.23225,0.2405,0.25675
fixed,224,1322.0,1380.0545289613406,412.5332888990564,0.249,0.241,0.2505,0.2595
fixed,225,1413.0,1365.8557691967728,420.3331263011912,0.25325,0.234,0.25175,0.261
fixed,226,1379.0,1376.6049614110148,407.5170257807412,0.2495,0.26325,0.2475,0.23975
fixed,227,1385.0,1381.7139145227218,414.2003403337468,0.24625,0.25075,0.246,0.257
fixed,228,1398.0,1389.250004660964,411.681074136972,0.2495,0.2495,0.25975,0.24125
fixed,229,1385.0,1376.7560796410426,407.7757437048666,0.25825,0.25825,0.245,0.2385
fixed,230,1399.0,1380.9698424687615,410.1657104918319,0.24375,0.24175,0.2595,0.255
fixed,231,1379.0,1362.0278611256272,403.13008508451696,0.24775,0.2515,0.258,0.24275
fixed,232,1348.0,1374.6246924801949,413.401833881034,0.2585,0.25575,0.23375,0.252
fixed,233,1346.0,1365.3401008456683,409.745850432267,0.24575,0.242,0.25575,0.2565
fixed,234,1397.0,1384.4732690545393,424.07701332679136,0.2755,0.2425,0.2395,0.2425
fixed,235,1405.0,1394.0026055539513,409.4349871706569,0.234,0.25425,0.26725,0.2445
fixed,236,1366.0,1396.840857373672,401.6081776588511,0.23975,0.2585,0.2535,0.24825
fixed,237,1406.0,1397.0879263904123,411.11223616592224,0.24075,0.24225,0.26425,0.25275
fixed,238,1354.0,1383.8417578855635,409.7436631052595,0.25375,0.25275,0.25225,0.24125
fixed,239,1403.0,1386.511847174155,409.9433834193177,0.2475,0.25125,0.24625,0.255
fixed,240,1413.0,1370.8928809763024,415.2657023921915,0.24825,0.26125,0.245,0.2455
fixed,241,1424.0,1383.420329679886,404.22748439658926,0.24125,0.2575,0.25225,0.249
fixed,242,1375.0,1377.6041216571853,415.52424665136846,0.25325,0.24975,0.24975,0.24725
fixed,243,1382.0,1384.2993155798026,413.9369429490423,0.253,0.23375,0.25675,0.2565
fixed,244,1423.0,1386.3628537535114,402.7295003392073,0.241,0.25125,0.25625,0.2515
fixed,245,1374.0,1376.7196845791375,410.0290860447234,0.245,0.25925,0.24225,0.2535
fixed,246,1376.0,1387.6788151220353,415.8119471699448,0.24625,0.2565,0.24225,0.255
fixed,247,1426.0,1385.9584284773032,413.2175348841414,0.25175,0.26475,0.24475,0.23875
fixed,248,1362.0,1367.0410246840484,417.8304786848281,0.25075,0.2445,0.247,0.25775
fixed,249,1415.0,1386.716072270075,401.21092717549857,0.24225,0.255,0.244,0.25875
fixed,250,1375.0,1377.575223709972,407.9482804741969,0.24725,0.257,0.241,0.25475
fixed,251,1387.0,1380.862785156265,409.6870327852056,0.24575,0.25625,0.254,0.244
fixed,252,1427.0,1377.2778412845855,420.6300195756076,0.25475,0.24475,0.2425,0.258
fixed,253,1392.0,1385.1337252161793,406.6567963295223,0.24375,0.26,0.243,0.25325
fixed,254,1430.0,1397.1132002728273,406.0406259430181,0.248,0.24575,0.26525,0.241
fixed,255,1372.0,1374.90714942819,418.6341504711212,0.2625,0.2445,0.253,0.24
fixed,256,1396.0,1365.8813792698395,412.6543876228642,0.25775,0.24075,0.24725,0.25425
fixed,257,1330.0,1371.337344403367,399.8196060679387,0.238,0.269,0.24325,0.24975
fixed,258,1366.0,1382.6527505654094,404.6045223810907,0.2455,0.244,0.2455,0.265
fixed,259,1383.0,1365.461419631034,416.7775791428546,0.25925,0.24725,0.2455,0.248
fixed,260,1394.0,1386.791954565758,421.2668655389648,0.2565,0.24025,0.24975,0.2535
fixed,261,1348.0,1369.3014415258135,425.7341769676907,0.2675,0.2405,0.2555,0.2365
fixed,262,1378.0,1358.1882234666527,413.4088484030112,0.2545,0.25025,0.252,0.24325
fixed,263,1375.0,1357.3488498381191,411.15901420561966,0.25725,0.243,0.2545,0.24525
fixed,264,1424.0,1370.926129089355,404.3471602458209,0.2505,0.2595,0.24275,0.24725
fixed,265,1326.0,1372.8070005197374,408.7721553420854,0.252,0.25275,0.2515,0.24375
fixed,266,1343.0,1374.6792672367826,413.7419151502294,0.248,0.2435,0.254,0.2545
fixed,267,1348.0,1363.7373745949878,416.1093772345442,0.25425,0.25125,0.25575,0.23875
fixed,268,1368.0,1363.5672934071758,415.0741990660117,0.24175,0.25,0.25675,0.2515
fixed,269,1396.0,1391.0999217981434,415.0461559223868,0.254,0.26025,0.24925,0.2365
fixed,270,1365.0,1388.4886192105328,407.4251333874892,0.24875,0.25675,0.24475,0.24975
fixed,271,1389.0,1378.1142149237355,405.8849746451174,0.2365,0.25875,0.24975,0.255
fixed,272,1384.0,1376.2708729975884,408.7234659422837,0.252,0.2485,0.256,0.2435
fixed,273,1379.0,1369.052841759093,410.16707160689,0.25175,0.246,0.25525,0.247
fixed,274,1426.0,1383.0612013300142,407.7928946282713,0.2455,0.25125,0.24875,0.2545
fixed,275,1400.0,1381.196204197112,408.6200218505873,0.248,0.25825,0.245,0.24875
fixed,276,1413.0,1365.9864656775342,406.5932591328064,0.2425,0.2525,0.253,0.252
fixed,277,1371.0,1382.2519759637098,417.7393398360198,0.25525,0.2555,0.244,0.24525
fixed,278,1374.0,1388.6726888253024,410.5647264621407,0.24975,0.24175,0.2615,0.247
fixed,279,1388.0,1374.8478013208062,412.1271568880427,0.2565,0.2545,0.24375,0.24525
fixed,280,1339.0,1382.030994873979,418.0535356877082,0.25125,0.246,0.25125,0.2515
fixed,281,1354.0,1388.6233503449153,405.8676832147046,0.24275,0.24875,0.25075,0.25775
fixed,282,1313.0,1372.2644773535703,418.6134158029084,0.26325,0.243,0.23275,0.261
fixed,283,1417.0,1389.3812256160415,417.7737708298189,0.2615,0.244,0.248,0.2465
fixed,284,1381.0,1380.514589345962,418.5972487134819,0.25425,0.247,0.24625,0.2525
fixed,285,1424.0,1389.456583452872,403.1101090737232,0.24475,0.243,0.254,0.25825
fixed,286,1410.0,1386.491896179405,415.6997175355086,0.25725,0.24,0.255,0.24775
fixed,287,1392.0,1379.5923735589242,415.411413672121,0.2455,0.24125,0.25475,0.2585
fixed,288,1352.0,1368.66907777083,423.3816085517876,0.252,0.2545,0.23975,0.25375
fixed,289,1382.0,1368.8356367870424,417.5626111550137,0.24475,0.24625,0.24825,0.26075
fixed,290,1366.0,1379.9561738839825,408.6214958788664,0.24275,0.24725,0.25,0.26
fixed,291,1379.0,1396.540584056827,408.7170404033325,0.246,0.25675,0.24375,0.2535
fixed,292,1427.0,1384.3852594072089,412.2883238733421,0.2455,0.2445,0.256,0.254
fixed,293,1398.0,1388.4793021431258,413.187706687162,0.2575,0.24325,0.25875,0.2405
fixed,294,1363.0,1384.3569026858454,406.4337669473233,0.24375,0.26125,0.24975,0.24525
fixed,295,1388.0,1388.629089192023,422.6367592145966,0.2575,0.239,0.2425,0.261
fixed,296,1396.0,1364.8184641927942,407.0310309635495,0.25,0.25375,0.24825,0.248
fixed,297,1407.0,1383.9189425556915,403.48571747019696,0.25475,0.24525,0.23575,0.26425
fixed,298,1330.0,1359.2416528853532,411.11056847624366,0.2585,0.25475,0.24175,0.245
fixed,299,1445.0,1398.611594347088,418.7426266854783,0.25025,0.24375,0.2515,0.2545
epsilon_greedy,0,1613.0,1592.4143903035983,206.89953604780783,0.031,0.903,0.03625,0.02975
epsilon_greedy,1,1557.0,1587.0192244214222,219.5781389315842,0.03425,0.8805,0.059,0.02625
epsilon_greedy,2,1542.0,1546.4600543082056,209.0905531629616,0.02375,0.92275,0.0265,0.027
epsilon_greedy,3,1530.0,1509.1797190931584,277.0734616486552,0.026,0.549,0.025,0.4
epsilon_greedy,4,1602.0,1582.177925444375,208.50804918471124,0.01975,0.90625,0.043,0.031
epsilon_greedy,5,1567.0,1558.5095895713243,224.39275856155132,0.0365,0.851,0.07675,0.03575
epsilon_greedy,6,1638.0,1595.9264216603842,211.4505725525379,0.02675,0.9185,0.02725,0.0275
epsilon_greedy,7,1563.0,1568.7128702754385,221.3907695023701,0.027,0.8655,0.05075,0.05675
epsilon_greedy,8,1436.0,1462.697996695484,318.2521515325411,0.03075,0.022,0.811,0.13625
epsilon_greedy,9,1597.0,1603.6477956683516,203.0292708961737,0.027,0.9135,0.02525,0.03425
epsilon_greedy,10,1478.0,1453.0219922795427,331.71826885252364,0.0265,0.2235,0.028,0.722
epsilon_greedy,11,1540.0,1594.813815935605,204.67727556025145,0.0295,0.9245,0.022,0.024
epsilon_greedy,12,1518.0,1555.5743596578343,227.55812143755145,0.0215,0.763,0.18175,0.03375
epsilon_greedy,13,1453.0,1436.2154212303171,369.0597276336374,0.02675,0.02775,0.0935,0.852
epsilon_greedy,14,1608.0,1589.24224321054,203.4256450270572,0.026,0.924,0.023,0.027
epsilon_greedy,15,1364.0,1398.1603872017718,408.1740949772732,0.12,0.0265,0.14075,0.71275
epsilon_greedy,16,1476.0,1502.3982324491014,276.71266152315354,0.03475,0.32025,0.61025,0.03475
epsilon_greedy,17,1572.0,1593.7497330794258,218.0480233623533,0.03125,0.9105,0.026,0.03225
epsilon_greedy,18,1589.0,1587.781636227034,205.0780885955745,0.023,0.9265,0.0285,0.022
epsilon_greedy,19,1615.0,1598.9517271995276,206.72784007909684,0.024,0.912,0.025,0.039
epsilon_greedy,20,1460.0,1483.5835034479735,317.59674171563944,0.02175,0.027,0.879,0.07225
epsilon_greedy,21,1492.0,1481.0385403402872,307.7483807513134,0.0245,0.02525,0.91875,0.0315
epsilon_greedy,22,1560.0,1578.620519877647,211.80773614938187,0.023,0.90725,0.03975,0.03
epsilon_greedy,23,1577.0,1595.070454150857,208.4945632423577,0.02725,0.9235,0.02675,0.0225
epsilon_greedy,24,1557.0,1570.3166963248225,211.11881542243208,0.02925,0.913,0.0245,0.03325
epsilon_greedy,25,1505.0,1572.566299172744,218.51386262831824,0.0265,0.856,0.077,0.0405
epsilon_greedy,26,1553.0,1551.7334191701202,222.19804925229693,0.02625,0.83175,0.0725,0.0695
epsilon_greedy,27,1556.0,1591.3928501322098,198.85505693779223,0.02575,0.91175,0.03625,0.02625
epsilon_greedy,28,1490.0,1501.737244132251,292.29065469752675,0.02175,0.208,0.7215,0.04875
epsilon_greedy,29,1493.0,1570.9584683322194,212.6803257906392,0.02875,0.914,0.029,0.02825
epsilon_greedy,30,1561.0,1582.4384256346111,208.47289552619424,0.027,0.91975,0.02525,0.028
epsilon_greedy,31,1455.0,1419.0891086263582,364.16711664083584,0.0245,0.0625,0.02375,0.88925
epsilon_greedy,32,1602.0,1579.421959280886,213.15421155597448,0.02875,0.91325,0.02275,0.03525
epsilon_greedy,33,1583.0,1594.2835195105476,202.45979410426983,0.02425,0.92375,0.02725,0.02475
epsilon_greedy,34,1550.0,1562.0767373903388,209.42934590945745,0.022,0.91575,0.03625,0.026
epsilon_greedy,35,1558.0,1566.9652143517887,210.86439463652425,0.02775,0.9225,0.025,0.02475
epsilon_greedy,36,1518.0,1501.204435931184,277.39782964552603,0.03125,0.44975,0.25175,0.26725
epsilon_greedy,37,1582.0,1592.7915269166967,208.5748212356096,0.02275,0.8565,0.09475,0.026
epsilon_greedy,38,1518.0,1477.115476626058,320.9840029789273,0.028,0.02025,0.9245,0.02725
epsilon_greedy,39,1577.0,1579.3751977820737,205.1183497825212,0.02775,0.917,0.029,0.02625
epsilon_greedy,40,1573.0,1568.770952003475,210.3405623724334,0.02325,0.9245,0.02425,0.028
epsilon_greedy,41,1530.0,1571.2041623602556,210.9474137819107,0.0225,0.88025,0.0725,0.02475
epsilon_greedy,42,1510.0,1564.6537870239845,219.60295409731845,0.03075,0.84225,0.09525,0.03175
epsilon_greedy,43,1551.0,1550.7537729441788,238.2571528458652,0.02575,0.73625,0.0695,0.1685
epsilon_greedy,44,1613.0,1602.3364895970424,208.17351451128675,0.02725,0.904,0.0255,0.04325
epsilon_greedy,45,1428.0,1450.9545701735074,351.2320758726675,0.0285,0.0245,0.43625,0.51075
epsilon_greedy,46,1497.0,1463.7992312938677,327.3662914007955,0.05075,0.02575,0.82575,0.09775
epsilon_greedy,47,1589.0,1593.671278166547,205.827096866778,0.02725,0.925,0.02325,0.0245
epsilon_greedy,48,1486.0,1492.8671964973273,282.4939338331603,0.02525,0.45075,0.04775,0.47625
epsilon_greedy,49,1593.0,1585.932319159,208.1821762852664,0.0225,0.93375,0.018,0.02575
epsilon_greedy,50,1592.0,1571.9306556923702,214.94025402689115,0.03075,0.887,0.0475,0.03475
epsilon_greedy,51,1603.0,1569.597561258816,231.02349465481376,0.02375,0.728,0.20875,0.0395
epsilon_greedy,52,1549.0,1577.6953199843265,213.46929220053048,0.02875,0.8965,0.051,0.02375
epsilon_greedy,53,1592.0,1562.8606297503818,222.0213797871697,0.02925,0.7875,0.1455,0.03775
epsilon_greedy,54,1572.0,1583.4551237770124,210.3615383683801,0.0265,0.92475,0.024,0.02475
epsilon_greedy,55,1626.0,1577.049655756343,216.6077840772936,0.03375,0.88525,0.05575,0.02525
epsilon_greedy,56,1573.0,1574.2005758936511,206.61297478651483,0.02525,0.902,0.03275,0.04
epsilon_greedy,57,1429.0,1472.9154063657415,301.75663336251955,0.03025,0.10275,0.83875,0.02825
epsilon_greedy,58,1511.0,1469.2281484386576,309.9472763505923,0.02275,0.02525,0.90475,0.04725
epsilon_greedy,59,1432.0,1420.0170452812913,370.35712685272506,0.03325,0.024,0.026,0.91675
epsilon_greedy,60,1505.0,1501.1184493453404,282.38387702681814,0.02425,0.2935,0.65925,0.023
epsilon_greedy,61,1574.0,1585.9756782713366,215.9157595493104,0.02675,0.86775,0.02525,0.08025
epsilon_greedy,62,1486.0,1509.8727729312964,292.4092474719144,0.0305,0.47,0.0235,0.476
epsilon_greedy,63,1554.0,1574.24787808459,214.24655493096543,0.03825,0.91125,0.02375,0.02675
epsilon_greedy,64,1643.0,1581.9876731806512,216.0612604386069,0.03275,0.90975,0.03375,0.02375
epsilon_greedy,65,1564.0,1581.6732015099783,208.967499883064,0.03375,0.917,0.02725,0.022
epsilon_greedy,66,1571.0,1555.3559868691202,209.25344330101052,0.02525,0.869,0.0745,0.03125
epsilon_greedy,67,1601.0,1567.1489183916156,219.23883411340205,0.0305,0.84175,0.039,0.08875
epsilon_greedy,68,1577.0,1575.8900353980637,224.83024710433023,0.03425,0.882,0.023,0.06075
epsilon_greedy,69,1479.0,1478.7528387829864,308.9391894517858,0.0255,0.045,0.906,0.0235
epsilon_greedy,70,1575.0,1580.4921404068548,207.64541692357847,0.02675,0.91625,0.02525,0.03175
epsilon_greedy,71,1509.0,1480.5199936340118,313.9639899029947,0.025,0.03025,0.90025,0.0445
epsilon_greedy,72,1597.0,1592.1579927562443,206.16220601560536,0.02425,0.90625,0.04375,0.02575
epsilon_greedy,73,1535.0,1545.895450073348,239.45095521801147,0.0215,0.6465,0.198,0.134
epsilon_greedy,74,1479.0,1458.9120293204655,306.34739362986306,0.0245,0.03525,0.914,0.02625
epsilon_greedy,75,1541.0,1588.1516017331717,213.3118165612441,0.02525,0.87125,0.0845,0.019
epsilon_greedy,76,1606.0,1589.1342015468044,198.0860432781444,0.0255,0.92275,0.02475,0.027
epsilon_greedy,77,1471.0,1428.3358652409108,366.82492779103467,0.02625,0.029,0.02825,0.9165
epsilon_greedy,78,1420.0,1432.442347753105,370.8979847140486,0.025,0.0295,0.03475,0.91075
epsilon_greedy,79,1546.0,1589.368025200462,208.75837755312688,0.02625,0.90125,0.03225,0.04025
epsilon_greedy,80,1439.0,1472.7600927641229,314.2299696242419,0.02625,0.0375,0.848,0.08825
epsilon_greedy,81,1540.0,1581.4699187604056,204.77870870710825,0.02225,0.906,0.03775,0.034
epsilon_greedy,82,1552.0,1567.0812974285177,210.8770973029188,0.02425,0.91775,0.027,0.031
epsilon_greedy,83,1628.0,1563.4346112904827,208.505538993442,0.02675,0.8945,0.0585,0.02025
epsilon_greedy,84,1503.0,1466.820302000384,315.8305247922788,0.02825,0.028,0.90875,0.035
epsilon_greedy,85,1632.0,1594.6271659534725,206.15970129451253,0.023,0.90125,0.02625,0.0495
epsilon_greedy,86,1490.0,1478.8166640835454,308.62321555063147,0.04325,0.13025,0.80125,0.02525
epsilon_greedy,87,1529.0,1539.547807494769,237.72669521528445,0.03,0.61525,0.326,0.02875
epsilon_greedy,88,1549.0,1534.5952150067378,231.2339436027879,0.02775,0.7535,0.18725,0.0315
epsilon_greedy,89,1575.0,1566.1425685688637,223.80872580494727,0.02825,0.7435,0.2015,0.02675
epsilon_greedy,90,1541.0,1573.085086316245,224.83539289964392,0.024,0.801,0.136,0.039
epsilon_greedy,91,1601.0,1564.7566643867758,218.14814690247132,0.0325,0.87625,0.0655,0.02575
epsilon_greedy,92,1564.0,1583.218220482737,199.76727927501588,0.02625,0.92425,0.02475,0.02475
epsilon_greedy,93,1555.0,1568.565913250737,212.94896634568747,0.02425,0.92375,0.026,0.026
epsilon_greedy,94,1606.0,1571.6564239535878,213.43579399498017,0.025,0.88,0.02525,0.06975
epsilon_greedy,95,1561.0,1561.816144874328,218.4025898613985,0.02275,0.85025,0.02375,0.10325
epsilon_greedy,96,1554.0,1578.4469033611213,211.8147249343438,0.02325,0.892,0.05225,0.0325
epsilon_greedy,97,1430.0,1480.129360881795,314.1229821047866,0.022,0.02825,0.90075,0.049
epsilon_greedy,98,1566.0,1567.0997977854836,221.6640428087892,0.04125,0.9045,0.03025,0.024
epsilon_greedy,99,1442.0,1444.2385215203976,357.7563198215123,0.028,0.068,0.08775,0.81625
epsilon_greedy,100,1450.0,1480.884342738913,320.83830543492263,0.02875,0.025,0.8565,0.08975
epsilon_greedy,101,1570.0,1571.5924178981286,210.31414286701448,0.02525,0.8845,0.0395,0.05075
epsilon_greedy,102,1514.0,1482.6274782195055,313.52507849181427,0.03,0.08975,0.675,0.20525
epsilon_greedy,103,1386.0,1442.4528298763016,339.76212349073654,0.02675,0.03875,0.44025,0.49425
epsilon_greedy,104,1601.0,1594.213198114776,202.69689684671224,0.024,0.914,0.02875,0.03325
epsilon_greedy,105,1637.0,1587.6449043060188,202.5813463805615,0.021,0.91875,0.03225,0.028
epsilon_greedy,106,1635.0,1597.0049769987636,199.77264491280656,0.0215,0.928,0.02425,0.02625
epsilon_greedy,107,1489.0,1475.05993197524,313.472300748492,0.0285,0.078,0.80225,0.09125
epsilon_greedy,108,1579.0,1564.351137306772,209.17761744310457,0.02225,0.911,0.039,0.02775
epsilon_greedy,109,1560.0,1580.2620523986277,215.6010909802044,0.02675,0.84425,0.0835,0.0455
epsilon_greedy,110,1567.0,1567.9779048224357,220.63899254614765,0.06025,0.89575,0.02,0.024
epsilon_greedy,111,1568.0,1566.867284515562,228.58881386407904,0.0245,0.80975,0.0435,0.12225
epsilon_greedy,112,1595.0,1575.9991855351652,206.64350861789268,0.0215,0.9205,0.0275,0.0305
epsilon_greedy,113,1508.0,1464.117443746051,316.4364174460809,0.03,0.02475,0.9125,0.03275
epsilon_greedy,114,1616.0,1571.2198057375542,205.62155167711504,0.02775,0.91975,0.02825,0.02425
epsilon_greedy,115,1609.0,1572.5066693979766,204.11180182249325,0.028,0.914,0.03325,0.02475
epsilon_greedy,116,1568.0,1581.9977262133414,210.2556515113561,0.03125,0.9155,0.027,0.02625
epsilon_greedy,117,1527.0,1489.640458052249,309.13974694691376,0.06925,0.31,0.50475,0.116
epsilon_greedy,118,1546.0,1575.5516855140188,209.85087394900705,0.035,0.91375,0.02875,0.0225
epsilon_greedy,119,1547.0,1578.5183706217215,220.8128128403349,0.03025,0.82875,0.114,0.027
epsilon_greedy,120,1592.0,1592.0335723176113,203.7293247896855,0.02525,0.915,0.035,0.02475
epsilon_greedy,121,1563.0,1587.4342025800802,215.08913707678343,0.0285,0.87825,0.04125,0.052
epsilon_greedy,122,1608.0,1577.3578949826476,218.0741561669581,0.0315,0.82275,0.12025,0.0255
epsilon_greedy,123,1480.0,1474.1485807645818,321.80002918754144,0.0245,0.0385,0.8185,0.1185
epsilon_greedy,124,1542.0,1542.3534812196854,239.13255136339728,0.028,0.794,0.0475,0.1305
epsilon_greedy,125,1575.0,1583.7446224575174,216.7132973924439,0.02925,0.875,0.034,0.06175
epsilon_greedy,126,1509.0,1475.5176333546576,308.4588259466502,0.02575,0.0735,0.8745,0.02625
epsilon_greedy,127,1555.0,1574.1842712602936,209.820756224065,0.0255,0.92,0.0265,0.028
epsilon_greedy,128,1584.0,1585.3540552074585,204.45209671617133,0.02625,0.92575,0.02175,0.02625
epsilon_greedy,129,1594.0,1560.6362015917446,210.18642146303475,0.02175,0.9045,0.04175,0.032
epsilon_greedy,130,1436.0,1488.3332188119102,306.20989553831583,0.02725,0.1535,0.79025,0.029
epsilon_greedy,131,1613.0,1560.9158520106246,232.32134363964303,0.024,0.8075,0.0375,0.131
epsilon_greedy,132,1504.0,1471.2067922824822,318.72095246342815,0.0255,0.0245,0.81725,0.13275
epsilon_greedy,133,1575.0,1573.1804758631274,208.6525051173164,0.0225,0.85725,0.0475,0.07275
epsilon_greedy,134,1377.0,1418.4226571614222,369.94082081157137,0.024,0.027,0.0305,0.9185
epsilon_greedy,135,1499.0,1470.2446608202404,304.4059166738175,0.02375,0.032,0.9065,0.03775
epsilon_greedy,136,1613.0,1597.840334171361,207.11600415822423,0.0255,0.92425,0.02175,0.0285
epsilon_greedy,137,1587.0,1572.1317305812563,211.6508610619352,0.02475,0.87475,0.07175,0.02875
epsilon_greedy,138,1636.0,1593.606682665578,194.49757045555663,0.01875,0.9325,0.02375,0.025
epsilon_greedy,139,1500.0,1477.1900068291463,310.33776189010257,0.02325,0.02525,0.9085,0.043
epsilon_greedy,140,1608.0,1575.636481385117,214.5226365820457,0.0225,0.84725,0.0875,0.04275
epsilon_greedy,141,1484.0,1580.1658410391972,213.92530121976765,0.02625,0.90775,0.0345,0.0315
epsilon_greedy,142,1567.0,1519.6590501609542,260.6593527168402,0.02575,0.549,0.02575,0.3995
epsilon_greedy,143,1546.0,1553.373725350829,232.92545906284303,0.02375,0.69075,0.25275,0.03275
epsilon_greedy,144,1571.0,1584.4149442916128,210.00052448382337,0.02275,0.90925,0.034,0.034
epsilon_greedy,145,1604.0,1602.9408349469445,198.9472473007708,0.02225,0.9265,0.02725,0.024
epsilon_greedy,146,1581.0,1548.5184328126986,246.7557298257913,0.032,0.649,0.25775,0.06125
epsilon_greedy,147,1537.0,1583.2493898767077,204.91842807768649,0.02825,0.9175,0.0305,0.02375
epsilon_greedy,148,1571.0,1588.5009983912564,204.2713640089244,0.02375,0.87825,0.07325,0.02475
epsilon_greedy,149,1651.0,1609.986713887066,200.00515106579687,0.02375,0.91975,0.02975,0.02675
epsilon_greedy,150,1640.0,1574.9220811539874,204.55668265872123,0.0245,0.91325,0.02475,0.0375
epsilon_greedy,151,1469.0,1473.9197895558705,304.8653375678086,0.022,0.04875,0.88525,0.044
epsilon_greedy,152,1595.0,1591.117216270387,205.56907422794103,0.02625,0.91325,0.036,0.0245
epsilon_greedy,153,1605.0,1571.3745013868106,226.9984503033252,0.0265,0.74925,0.19075,0.0335
epsilon_greedy,154,1540.0,1570.3805963609625,216.68390458474585,0.02625,0.834,0.1155,0.02425
epsilon_greedy,155,1506.0,1505.6913143376398,259.61215019584404,0.03025,0.648,0.02575,0.296
epsilon_greedy,156,1587.0,1572.5704877246856,211.54565760728235,0.02675,0.89575,0.03275,0.04475
epsilon_greedy,157,1464.0,1476.5288768589849,308.5763639097008,0.02375,0.02925,0.9235,0.0235
epsilon_greedy,158,1549.0,1497.0102732234377,285.66469499645547,0.03275,0.26675,0.67675,0.02375
epsilon_greedy,159,1556.0,1570.028001656518,215.19439965466043,0.032,0.888,0.0255,0.0545
epsilon_greedy,160,1461.0,1462.556960018126,348.3463250541278,0.0265,0.1635,0.03925,0.77075
epsilon_greedy,161,1585.0,1561.4157037089185,228.85505909076812,0.02875,0.83125,0.04025,0.09975
epsilon_greedy,162,1627.0,1591.3111762183876,209.687472627364,0.02575,0.9175,0.03,0.02675
epsilon_greedy,163,1513.0,1561.7035145123175,206.1228469077737,0.02575,0.9245,0.0245,0.02525
epsilon_greedy,164,1433.0,1490.0525909088697,312.9308439469864,0.03075,0.08,0.84875,0.0405
epsilon_greedy,165,1484.0,1441.645244757599,344.99875324043984,0.03,0.02775,0.3685,0.57375
epsilon_greedy,166,1530.0,1572.857114915073,215.14747508583145,0.0245,0.90525,0.026,0.04425
epsilon_greedy,167,1511.0,1478.332992687276,316.09745115742703,0.028,0.03775,0.90775,0.0265
epsilon_greedy,168,1541.0,1585.7578284191654,221.982487806718,0.02225,0.83325,0.0465,0.098
epsilon_greedy,169,1497.0,1480.796379398127,319.23839061991146,0.0265,0.0245,0.9245,0.0245
epsilon_greedy,170,1472.0,1465.0266203959682,310.2098493946586,0.03075,0.0245,0.92175,0.023
epsilon_greedy,171,1578.0,1560.8843988169317,220.76566678361755,0.029,0.837,0.02525,0.10875
epsilon_greedy,172,1529.0,1567.045239461714,214.38258285878052,0.04125,0.907,0.0245,0.02725
epsilon_greedy,173,1603.0,1587.8100862079357,204.4610759818907,0.03025,0.92375,0.024,0.022
epsilon_greedy,174,1499.0,1515.4416037513352,283.754117845104,0.02175,0.471,0.05525,0.452
epsilon_greedy,175,1451.0,1461.636869920835,334.579288249149,0.02825,0.171,0.16475,0.636
epsilon_greedy,176,1433.0,1418.3522683642832,363.6542537498398,0.03075,0.0495,0.02525,0.8945
epsilon_greedy,177,1593.0,1563.1176140150642,225.55752567244656,0.048,0.9055,0.022,0.0245
epsilon_greedy,178,1566.0,1549.1824401050656,243.81057141708243,0.0285,0.64825,0.0265,0.29675
epsilon_greedy,179,1530.0,1510.718466628737,286.36385754067106,0.026,0.445,0.04775,0.48125
epsilon_greedy,180,1620.0,1605.6203386663087,211.3145916518069,0.03975,0.904,0.0285,0.02775
epsilon_greedy,181,1526.0,1558.432842952892,224.7449166807222,0.0265,0.804,0.0305,0.139
epsilon_greedy,182,1559.0,1489.5345718627686,309.8357480607363,0.02425,0.0605,0.89075,0.0245
epsilon_greedy,183,1556.0,1548.4071033004716,232.27450609201384,0.03375,0.8135,0.03725,0.1155
epsilon_greedy,184,1392.0,1406.096065253712,379.1192264499895,0.0355,0.02725,0.02175,0.9155
epsilon_greedy,185,1473.0,1468.2443702667315,315.4591159470118,0.02625,0.023,0.844,0.10675
epsilon_greedy,186,1611.0,1572.1069555973622,210.85034169804533,0.026,0.90075,0.02025,0.053
epsilon_greedy,187,1518.0,1470.287188865109,322.3785666281972,0.03,0.026,0.811,0.133
epsilon_greedy,188,1569.0,1580.6010239499385,215.06716975903623,0.02625,0.86525,0.08325,0.02525
epsilon_greedy,189,1462.0,1456.0521498703213,322.5759651223044,0.0295,0.04,0.677,0.2535
epsilon_greedy,190,1533.0,1573.1626563332577,210.53966969583087,0.02425,0.9165,0.037,0.02225
epsilon_greedy,191,1486.0,1476.0136521056293,308.33407585295726,0.02325,0.02275,0.9185,0.0355
epsilon_greedy,192,1580.0,1572.2224036652665,215.21551958272383,0.027,0.916,0.02575,0.03125
epsilon_greedy,193,1525.0,1566.3588631091925,221.4189966843093,0.024,0.8485,0.03725,0.09025
epsilon_greedy,194,1560.0,1573.287100725494,212.39700107186417,0.0275,0.90575,0.03875,0.028
epsilon_greedy,195,1583.0,1571.3964035253784,213.29506931753377,0.03175,0.91025,0.03,0.028
epsilon_greedy,196,1471.0,1476.0665263943065,327.80333217308186,0.03475,0.25,0.0365,0.67875
epsilon_greedy,197,1648.0,1597.293829212303,210.6590734428795,0.0245,0.90775,0.02475,0.043
epsilon_greedy,198,1594.0,1554.472250074034,212.51075255503525,0.0275,0.899,0.04775,0.02575
epsilon_greedy,199,1550.0,1546.9642278618462,258.71360262802364,0.023,0.473,0.476,0.028
epsilon_greedy,200,1587.0,1586.1642919062274,214.95261315197465,0.028,0.8855,0.04025,0.04625
epsilon_greedy,201,1494.0,1559.5322913211444,209.4699276577564,0.02675,0.92325,0.0235,0.0265
epsilon_greedy,202,1562.0,1561.7383304989144,209.29099545077773,0.0285,0.8445,0.1025,0.0245
epsilon_greedy,203,1566.0,1586.633653383792,210.2633292218925,0.026,0.89875,0.038,0.03725
epsilon_greedy,204,1479.0,1438.2519248211893,330.563085703089,0.02475,0.16575,0.02425,0.78525
epsilon_greedy,205,1566.0,1577.966593298687,217.56880425169976,0.0215,0.91725,0.02675,0.0345
epsilon_greedy,206,1531.0,1540.0294477365724,233.37317532108216,0.03575,0.80025,0.0305,0.1335
epsilon_greedy,207,1413.0,1433.7182747843945,358.5479218912308,0.0255,0.055,0.0215,0.898
epsilon_greedy,208,1502.0,1492.1056405237,299.01966780771284,0.023,0.09775,0.85575,0.0235
epsilon_greedy,209,1605.0,1588.0131895339798,215.31488361777983,0.023,0.841,0.031,0.105
epsilon_greedy,210,1570.0,1571.5160356732872,209.3158574959997,0.0255,0.91375,0.03525,0.0255
epsilon_greedy,211,1564.0,1554.562444874049,258.2719564879436,0.1145,0.82225,0.02775,0.0355
epsilon_greedy,212,1632.0,1586.6334274586625,203.4925707909948,0.02375,0.92425,0.0255,0.0265
epsilon_greedy,213,1640.0,1555.8378375040031,229.99468506789376,0.0295,0.7955,0.0245,0.1505
epsilon_greedy,214,1601.0,1595.9193971505106,209.50048485562144,0.024,0.9005,0.0325,0.043
epsilon_greedy,215,1408.0,1427.759985354232,356.81912943809243,0.0255,0.03825,0.03925,0.897
epsilon_greedy,216,1527.0,1571.5287156850272,213.049811635496,0.02825,0.88725,0.0465,0.038
epsilon_greedy,217,1577.0,1556.267086781428,210.04602072168305,0.0285,0.915,0.02875,0.02775
epsilon_greedy,218,1576.0,1585.515771093244,207.7243560481516,0.03025,0.9175,0.02875,0.0235
epsilon_greedy,219,1484.0,1489.9060622782245,272.5270800846649,0.05075,0.611,0.028,0.31025
epsilon_greedy,220,1587.0,1590.8337464179328,208.1576169949554,0.03025,0.91275,0.0275,0.0295
epsilon_greedy,221,1520.0,1557.3734526720425,219.12436827342967,0.03275,0.861,0.04675,0.0595
epsilon_greedy,222,1587.0,1550.8900867424445,234.8231811773541,0.03175,0.70475,0.02025,0.24325
epsilon_greedy,223,1569.0,1557.1145585510162,234.478523225929,0.02775,0.75125,0.19325,0.02775
epsilon_greedy,224,1556.0,1583.6043843466632,208.9834335137338,0.026,0.906,0.04025,0.02775
epsilon_greedy,225,1513.0,1538.836226118895,247.3526693790693,0.029,0.604,0.32575,0.04125
epsilon_greedy,226,1460.0,1471.0274535800313,313.09453361172496,0.02625,0.025,0.86875,0.08
epsilon_greedy,227,1509.0,1482.2199209072226,313.6943339492461,0.02775,0.039,0.908,0.02525
epsilon_greedy,228,1537.0,1526.539497845517,274.39158095241885,0.0245,0.5305,0.034,0.411
epsilon_greedy,229,1614.0,1566.4976311264604,218.03419221944847,0.02875,0.8495,0.09425,0.0275
epsilon_greedy,230,1578.0,1524.1523509252438,266.9832020353498,0.02775,0.40675,0.529,0.0365
epsilon_greedy,231,1590.0,1557.223922347326,207.9340238628181,0.029,0.9165,0.0335,0.021
epsilon_greedy,232,1637.0,1582.0346095423988,205.99191681882968,0.02325,0.91325,0.02825,0.03525
epsilon_greedy,233,1493.0,1459.4101655006784,315.675785777257,0.026,0.02275,0.80975,0.1415
epsilon_greedy,234,1622.0,1571.452947360324,237.09733502100667,0.02425,0.714,0.23925,0.0225
epsilon_greedy,235,1500.0,1475.282721315069,328.1548714095395,0.04825,0.025,0.9,0.02675
epsilon_greedy,236,1571.0,1580.3855253846789,218.0635096478444,0.02725,0.916,0.032,0.02475
epsilon_greedy,237,1463.0,1441.4813889104312,366.7187736459036,0.02175,0.03775,0.02775,0.91275
epsilon_greedy,238,1576.0,1590.0581428564049,203.52727813441825,0.0215,0.9285,0.02325,0.02675
epsilon_greedy,239,1456.0,1443.2162391615466,353.23899143192625,0.022,0.114,0.05375,0.81025
epsilon_greedy,240,1475.0,1461.8864297092182,324.2721536592758,0.0255,0.02725,0.776,0.17125
epsilon_greedy,241,1484.0,1457.514237314344,330.13357676213127,0.06375,0.04175,0.8425,0.052
epsilon_greedy,242,1567.0,1588.2624189762787,204.86594933227485,0.025,0.91375,0.038,0.02325
epsilon_greedy,243,1430.0,1473.5529840465124,324.6832744823322,0.02975,0.0255,0.82275,0.122
epsilon_greedy,244,1575.0,1583.1390498233304,205.95330426938807,0.0245,0.89625,0.05225,0.027
epsilon_greedy,245,1581.0,1578.7832309425949,207.965539681266,0.018,0.89125,0.029,0.06175
epsilon_greedy,246,1576.0,1542.2855322871412,261.2052300048388,0.023,0.63075,0.03475,0.3115
epsilon_greedy,247,1522.0,1480.4111864874478,318.7647768739968,0.02575,0.025,0.9105,0.03875
epsilon_greedy,248,1556.0,1566.021159684833,218.8503436840432,0.02225,0.85,0.066,0.06175
epsilon_greedy,249,1610.0,1583.0939255984745,204.83307384709912,0.02275,0.90825,0.0375,0.0315
epsilon_greedy,250,1565.0,1546.3317061553653,239.1917980288036,0.02325,0.6495,0.29675,0.0305
epsilon_greedy,251,1616.0,1560.6943520329232,229.85546590854744,0.04175,0.8385,0.0765,0.04325
epsilon_greedy,252,1596.0,1590.3662481386564,207.5416127215367,0.0295,0.91825,0.02725,0.025
epsilon_greedy,253,1575.0,1570.283454698659,221.5070668470427,0.02875,0.84625,0.09325,0.03175
epsilon_greedy,254,1426.0,1409.5842071659365,393.5696190499092,0.09475,0.072,0.03025,0.803
epsilon_greedy,255,1469.0,1483.4739702339864,310.0673296653248,0.02575,0.02625,0.9095,0.0385
epsilon_greedy,256,1542.0,1567.7968484530368,210.7389184396665,0.023,0.8865,0.03825,0.05225
epsilon_greedy,257,1524.0,1531.6118517474083,239.54509872389752,0.0235,0.69875,0.20075,0.077
epsilon_greedy,258,1467.0,1493.4884724067988,293.7688005397011,0.023,0.40375,0.0215,0.55175
epsilon_greedy,259,1424.0,1415.6308460741077,366.6081526997814,0.0485,0.023,0.03225,0.89625
epsilon_greedy,260,1511.0,1488.848198384562,319.2106217201608,0.02875,0.02875,0.90775,0.03475
epsilon_greedy,261,1472.0,1431.7185259253677,363.31709256813633,0.03625,0.03225,0.02875,0.90275
epsilon_greedy,262,1590.0,1558.787783395998,212.8092884736658,0.0225,0.86375,0.08725,0.0265
epsilon_greedy,263,1510.0,1499.289105378797,269.21875866494145,0.031,0.4155,0.5215,0.032
epsilon_greedy,264,1580.0,1554.4035374515918,220.8697518835844,0.03175,0.8365,0.06925,0.0625
epsilon_greedy,265,1526.0,1534.8789196078312,246.70023625399165,0.0375,0.65125,0.286,0.02525
epsilon_greedy,266,1465.0,1472.7785127039615,315.6426696830507,0.0255,0.024,0.92825,0.02225
epsilon_greedy,267,1547.0,1566.039326935571,213.8074248939611,0.031,0.91725,0.0265,0.02525
epsilon_greedy,268,1589.0,1571.67356601619,206.96792645699807,0.0235,0.8895,0.04925,0.03775
epsilon_greedy,269,1413.0,1439.930836976792,366.2152407437387,0.02525,0.04825,0.047,0.8795
epsilon_greedy,270,1468.0,1481.6214626909327,314.2922899070891,0.0265,0.0245,0.9235,0.0255
epsilon_greedy,271,1497.0,1471.0947382653092,312.904451303544,0.0255,0.0725,0.807,0.095
epsilon_greedy,272,1544.0,1571.9038508747278,213.09048806514423,0.02925,0.896,0.03925,0.0355
epsilon_greedy,273,1618.0,1560.2100520388626,219.00986132712032,0.02725,0.856,0.0525,0.06425
epsilon_greedy,274,1573.0,1547.6169276197038,243.23716833858143,0.0295,0.62875,0.28175,0.06
epsilon_greedy,275,1508.0,1473.0762418578154,316.7399841898836,0.04025,0.033,0.88475,0.042
epsilon_greedy,276,1547.0,1521.7032315441752,250.8764932661653,0.0235,0.6435,0.0375,0.2955
epsilon_greedy,277,1601.0,1599.285528022655,200.70578777707465,0.02325,0.9285,0.025,0.02325
epsilon_greedy,278,1567.0,1594.895256191823,204.3421590956204,0.024,0.91925,0.03425,0.0225
epsilon_greedy,279,1659.0,1579.2370744188138,207.7378837900349,0.02475,0.8865,0.06825,0.0205
epsilon_greedy,280,1580.0,1575.6670457316443,224.41748483004253,0.03025,0.79725,0.14275,0.02975
epsilon_greedy,281,1410.0,1436.2682792834617,358.22275427615835,0.02475,0.0435,0.05625,0.8755
epsilon_greedy,282,1463.0,1488.200444440782,302.67744871569664,0.026,0.0525,0.89225,0.02925
epsilon_greedy,283,1648.0,1606.392877585158,200.76211886070223,0.024,0.8995,0.04925,0.02725
epsilon_greedy,284,1600.0,1587.9607176181098,211.151120441334,0.03275,0.913,0.03025,0.024
epsilon_greedy,285,1547.0,1574.0897365804526,218.4769559461426,0.024,0.85625,0.03775,0.082
epsilon_greedy,286,1583.0,1590.0569792524543,212.13463446245945,0.03225,0.91475,0.0275,0.0255
epsilon_greedy,287,1620.0,1582.6634310802126,212.34035615083252,0.0215,0.82825,0.1185,0.03175
epsilon_greedy,288,1579.0,1574.968591373282,217.08209494933573,0.02375,0.8355,0.11525,0.0255
epsilon_greedy,289,1478.0,1485.6760672981209,300.7221806439353,0.02375,0.17675,0.7205,0.079
epsilon_greedy,290,1529.0,1580.7675809616512,207.8100888011976,0.02375,0.9115,0.03,0.03475
epsilon_greedy,291,1594.0,1591.2648566571074,213.99276780305212,0.02475,0.8585,0.069,0.04775
epsilon_greedy,292,1596.0,1555.1271062270205,241.54647705353008,0.0295,0.6765,0.265,0.029
epsilon_greedy,293,1479.0,1486.7637116362466,314.9032971940409,0.029,0.032,0.90025,0.03875
epsilon_greedy,294,1586.0,1577.9309466253458,212.85972300782265,0.03075,0.8795,0.05075,0.039
epsilon_greedy,295,1634.0,1602.7542183153478,208.5116300912719,0.02775,0.904,0.0405,0.02775
epsilon_greedy,296,1479.0,1463.0029525090856,308.8465426472578,0.0255,0.03325,0.916,0.02525
epsilon_greedy,297,1557.0,1560.0925983926072,227.31206163328125,0.02625,0.7945,0.033,0.14625
epsilon_greedy,298,1552.0,1564.3395899357902,206.0126314258068,0.02675,0.91675,0.02475,0.03175
epsilon_greedy,299,1622.0,1610.388645829893,206.96557520267328,0.02175,0.889,0.0635,0.02575
thompson,0,1551.0,1556.187239559978,243.126686791428,0.02475,0.65125,0.1915,0.1325
thompson,1,1561.0,1585.497740709869,221.09962264313756,0.034,0.8615,0.05375,0.05075
thompson,2,1483.0,1501.3824831311836,254.16812433998368,0.0355,0.61725,0.173,0.17425
thompson,3,1546.0,1545.1476064671451,241.10557427466864,0.0285,0.676,0.215,0.0805
thompson,4,1587.0,1575.0435411278972,215.64243350118903,0.02725,0.87475,0.0565,0.0415
thompson,5,1503.0,1509.698456317437,273.20389181543857,0.05125,0.5295,0.35675,0.0625
thompson,6,1609.0,1593.485291267379,213.8917029455432,0.02475,0.88975,0.03,0.0555
thompson,7,1481.0,1494.504756026639,295.5988837511695,0.0275,0.437,0.126,0.4095
thompson,8,1537.0,1548.3425649027697,232.607583325256,0.0335,0.74175,0.17025,0.0545
thompson,9,1579.0,1589.1672431264683,217.50982343805703,0.02825,0.81825,0.07025,0.08325
thompson,10,1512.0,1490.8858190076471,293.8544421244191,0.03025,0.3915,0.13925,0.439
thompson,11,1490.0,1506.5162066739688,292.9748848218875,0.05775,0.435,0.436,0.07125
thompson,12,1440.0,1503.1198523599926,280.0126287353934,0.0355,0.44675,0.2355,0.28225
thompson,13,1599.0,1565.1616793174571,240.1134695464974,0.02725,0.6995,0.113,0.16025
thompson,14,1553.0,1557.733518110587,234.9343701270101,0.03425,0.77775,0.10875,0.07925
thompson,15,1537.0,1551.1358401423968,255.19864203664812,0.03125,0.66575,0.17975,0.12325
thompson,16,1549.0,1550.7623989962397,228.3484949760152,0.02175,0.77,0.12175,0.0865
thompson,17,1555.0,1592.1802788647085,219.6174775770707,0.02775,0.82025,0.08425,0.06775
thompson,18,1582.0,1524.880928283609,267.97879653900003,0.02925,0.49675,0.22875,0.24525
thompson,19,1590.0,1572.5448743627044,233.13469291592003,0.025,0.73975,0.1395,0.09575
thompson,20,1551.0,1555.042356081427,246.137889082186,0.03475,0.72375,0.09925,0.14225
thompson,21,1597.0,1572.23191881051,216.5550022810905,0.02375,0.80525,0.119,0.052
thompson,22,1566.0,1544.90495117842,245.5233048486088,0.026,0.61325,0.31275,0.048
thompson,23,1532.0,1552.2611746673324,251.3038427258819,0.03375,0.6575,0.14825,0.1605
thompson,24,1544.0,1542.1911338560108,239.2443778912432,0.03825,0.70175,0.213,0.047
thompson,25,1455.0,1467.640122894709,323.44003890635327,0.03975,0.24575,0.176,0.5385
thompson,26,1547.0,1534.6768972338086,239.2545711886085,0.02825,0.68875,0.163,0.12
thompson,27,1442.0,1464.4428982161871,325.80500885381525,0.0415,0.13525,0.632,0.19125
thompson,28,1596.0,1562.287912743897,231.73998608588,0.0325,0.76775,0.117,0.08275
thompson,29,1532.0,1494.1355955505485,289.5031985723102,0.058,0.381,0.5175,0.0435
thompson,30,1558.0,1505.915884445391,284.99543671541454,0.03,0.50675,0.06,0.40325
thompson,31,1572.0,1534.1522488448368,249.1039764223573,0.0265,0.58425,0.33775,0.0515
thompson,32,1589.0,1568.159318958535,224.41685187832525,0.02175,0.809,0.055,0.11425
thompson,33,1562.0,1547.626278782563,249.11703483225452,0.03125,0.65375,0.0435,0.2715
thompson,34,1533.0,1532.577703014616,238.9283802851804,0.03075,0.73725,0.08125,0.15075
thompson,35,1558.0,1549.0162747540269,228.8133342342861,0.0415,0.82975,0.02725,0.1015
thompson,36,1509.0,1510.2627872060204,268.3394783706896,0.03725,0.454,0.4585,0.05025
thompson,37,1514.0,1544.2712890820928,257.0950590702135,0.0315,0.62725,0.195,0.14625
thompson,38,1608.0,1583.5703378068806,214.5291417981049,0.03075,0.839,0.05925,0.071
thompson,39,1522.0,1546.6810617009835,237.8124858636112,0.02925,0.64025,0.2775,0.053
thompson,40,1535.0,1524.6033957752672,254.50811860064124,0.0255,0.6025,0.15525,0.21675
thompson,41,1480.0,1480.7409994903835,301.4105766517825,0.036,0.22375,0.659,0.08125
thompson,42,1445.0,1430.338099770427,353.91864135087576,0.02325,0.05175,0.08975,0.83525
thompson,43,1510.0,1509.795191413698,279.21573437634584,0.05475,0.50375,0.215,0.2265
thompson,44,1572.0,1554.5141224126305,255.9958816956984,0.053,0.6585,0.128,0.1605
thompson,45,1549.0,1586.1951167684292,215.9915292777454,0.03125,0.84025,0.08375,0.04475
thompson,46,1563.0,1525.3733513273232,265.79217136733985,0.02975,0.49575,0.32725,0.14725
thompson,47,1519.0,1547.661879159385,251.83649587394007,0.02575,0.5885,0.28575,0.1
thompson,48,1528.0,1517.5387811116386,257.8223492188491,0.03925,0.6375,0.09475,0.2285
thompson,49,1549.0,1552.4328203069758,241.6816751372905,0.03525,0.73725,0.10975,0.11775
thompson,50,1629.0,1568.4692413674402,218.4016683518211,0.02475,0.794,0.1255,0.05575
thompson,51,1593.0,1573.7845759510512,226.83647996257832,0.02925,0.8065,0.07225,0.092
thompson,52,1502.0,1541.429054292112,249.73555789274505,0.03,0.676,0.16425,0.12975
thompson,53,1591.0,1561.2216037909868,223.66040574656472,0.035,0.85925,0.0525,0.05325
thompson,54,1524.0,1497.4447018642811,296.37196028111106,0.03325,0.26225,0.483,0.2215
thompson,55,1611.0,1552.3013523840702,241.3560874495668,0.023,0.7125,0.15525,0.10925
thompson,56,1567.0,1528.3645290763534,252.44902160381275,0.0585,0.733,0.03525,0.17325
thompson,57,1514.0,1527.597998700512,247.0740410277492,0.031,0.63925,0.14225,0.1875
thompson,58,1448.0,1432.7854897881878,346.3899350010622,0.0675,0.10175,0.475,0.35575
thompson,59,1519.0,1523.9384341081486,266.4357380258677,0.0385,0.514,0.259,0.1885
thompson,60,1518.0,1525.8106943571397,257.69163201501897,0.03725,0.6145,0.243,0.10525
thompson,61,1591.0,1588.1660621792862,213.7253756413611,0.01825,0.84725,0.0505,0.084
thompson,62,1515.0,1509.17396565418,293.1080547490307,0.02575,0.239,0.46825,0.267
thompson,63,1563.0,1546.1383089311475,242.35612408440775,0.02675,0.696,0.086,0.19125
thompson,64,1610.0,1575.810257932196,222.23867568706223,0.0275,0.8455,0.0735,0.0535
thompson,65,1575.0,1561.419221623716,229.22147976932632,0.02,0.729,0.07025,0.18075
thompson,66,1480.0,1480.3610026656368,284.24842750449415,0.0435,0.42775,0.2535,0.27525
thompson,67,1607.0,1555.7828260063104,230.60492649870736,0.02475,0.739,0.1605,0.07575
thompson,68,1467.0,1498.2037263636057,302.51655613878813,0.02825,0.232,0.535,0.20475
thompson,69,1542.0,1535.735286134851,251.95674209992123,0.02525,0.596,0.193,0.18575
thompson,70,1515.0,1530.2954135433242,257.84214378710897,0.0395,0.537,0.3525,0.071
thompson,71,1579.0,1554.6920504496986,239.79193308730785,0.03275,0.68275,0.22875,0.05575
thompson,72,1579.0,1563.0438408666428,235.2763579052069,0.0335,0.7735,0.08025,0.11275
thompson,73,1526.0,1562.4621967054009,222.88420858595865,0.0275,0.84025,0.02975,0.1025
thompson,74,1491.0,1479.162433753556,286.0969891967724,0.0465,0.4305,0.18325,0.33975
thompson,75,1556.0,1572.659463319827,228.8039549745888,0.0335,0.76975,0.12475,0.072
thompson,76,1560.0,1571.5032506593084,215.71699416564053,0.03175,0.84,0.06225,0.066
thompson,77,1543.0,1530.9486501856727,264.2121428462729,0.037,0.612,0.14,0.211
thompson,78,1529.0,1508.8792218636772,294.4611106034764,0.0415,0.3665,0.3435,0.2485
thompson,79,1517.0,1511.759189304335,286.3672134492536,0.03225,0.33675,0.47875,0.15225
thompson,80,1593.0,1556.6879603207567,230.30210206760836,0.026,0.74675,0.156,0.07125
thompson,81,1483.0,1511.3746154986195,274.8740119688938,0.02925,0.5445,0.073,0.35325
thompson,82,1526.0,1542.7838543896264,235.17454034180983,0.0305,0.761,0.14425,0.06425
thompson,83,1634.0,1554.5575140863675,217.38263619755745,0.026,0.8275,0.035,0.1115
thompson,84,1534.0,1511.738304877344,270.9125219153185,0.03675,0.49575,0.3515,0.116
thompson,85,1513.0,1474.7276188796336,326.0592483683512,0.0255,0.09225,0.6225,0.25975
thompson,86,1573.0,1528.9662042782952,258.4736753558819,0.0355,0.64875,0.09075,0.225
thompson,87,1575.0,1540.011152274608,237.26335043544492,0.0435,0.7205,0.20225,0.03375
thompson,88,1517.0,1513.1641969646814,252.66496164484408,0.02825,0.529,0.36625,0.0765
thompson,89,1511.0,1496.1525112595111,293.7987831142995,0.0415,0.35875,0.36325,0.2365
thompson,90,1533.0,1566.7147229570223,231.20575625886647,0.03225,0.7945,0.106,0.06725
thompson,91,1509.0,1516.5529205556577,266.3518907335893,0.056,0.63475,0.15825,0.151
thompson,92,1527.0,1544.7367018246146,238.24879793313812,0.02125,0.61825,0.28125,0.07925
thompson,93,1539.0,1546.581875714504,234.93300388192023,0.0345,0.786,0.09075,0.08875
thompson,94,1587.0,1558.0435568184264,227.04866113014145,0.031,0.75475,0.13875,0.0755
thompson,95,1529.0,1522.8283011009116,257.39043363481505,0.04575,0.60825,0.155,0.191
thompson,96,1526.0,1569.5085224971403,220.75310579832453,0.027,0.84325,0.084,0.04575
thompson,97,1602.0,1577.2415361820167,217.0108068045647,0.0335,0.82625,0.102,0.03825
thompson,98,1551.0,1520.8562156443252,267.9076249499474,0.026,0.46875,0.411,0.09425
thompson,99,1557.0,1564.823678074839,237.17116326707077,0.0265,0.74375,0.05625,0.1735
thompson,100,1520.0,1534.096664816343,267.62598335749226,0.029,0.45525,0.4405,0.07525
thompson,101,1503.0,1508.3495065440147,273.55705422112817,0.04175,0.55175,0.104,0.3025
thompson,102,1504.0,1519.0201047272722,277.132451984048,0.0225,0.39,0.44,0.1475
thompson,103,1507.0,1539.5004914084327,242.71446195860543,0.0285,0.67025,0.17175,0.1295
thompson,104,1585.0,1576.9679086953051,219.942186266183,0.03125,0.82975,0.0465,0.0925
thompson,105,1586.0,1546.708046724298,243.51820396228237,0.04775,0.70225,0.1475,0.1025
thompson,106,1538.0,1549.997867614324,246.7797542972463,0.052,0.6705,0.24975,0.02775
thompson,107,1432.0,1450.1191950852735,338.4130376384581,0.02625,0.1445,0.096,0.73325
thompson,108,1537.0,1544.0682820750171,229.4604726748595,0.03475,0.8065,0.0565,0.10225
thompson,109,1506.0,1532.753032532495,263.1101108463373,0.03725,0.58875,0.22525,0.14875
thompson,110,1558.0,1576.4208743800418,212.19602298854173,0.03,0.869,0.04675,0.05425
thompson,111,1564.0,1567.6302866252731,227.82581175436803,0.02925,0.776,0.1155,0.07925
thompson,112,1536.0,1556.7840703726304,225.85862378042745,0.043,0.8645,0.04825,0.04425
thompson,113,1579.0,1540.3374789107083,240.21638228142376,0.0295,0.679,0.252,0.0395
thompson,114,1573.0,1523.6537153860422,253.18764202862684,0.035,0.59025,0.3195,0.05525
thompson,115,1565.0,1544.0000349284107,232.61843629205896,0.0295,0.7495,0.10625,0.11475
thompson,116,1523.0,1554.3788882611689,237.8744894635288,0.02325,0.6475,0.26725,0.062
thompson,117,1502.0,1525.5477595599286,273.23244543923386,0.052,0.477,0.4175,0.0535
thompson,118,1546.0,1548.5569909101107,236.84556855291495,0.03775,0.721,0.1955,0.04575
thompson,119,1487.0,1494.8734259997418,304.4577574623146,0.0315,0.2385,0.37925,0.35075
thompson,120,1541.0,1565.3916209221943,230.37127618510252,0.0315,0.76225,0.14825,0.058
thompson,121,1551.0,1582.4022363238582,220.1211033330052,0.02225,0.818,0.07,0.08975
thompson,122,1552.0,1528.81705751072,266.61499363888555,0.0315,0.49575,0.354,0.11875
thompson,123,1598.0,1565.244113315778,230.70449663634528,0.025,0.7195,0.208,0.0475
thompson,124,1483.0,1509.6163137160845,271.8697188669981,0.03225,0.39775,0.49125,0.07875
thompson,125,1545.0,1566.1999105598602,234.2580092901013,0.04525,0.7945,0.09025,0.07
thompson,126,1556.0,1552.663894165522,231.31256513578572,0.026,0.702,0.2145,0.0575
thompson,127,1511.0,1553.417505890568,230.5875215937908,0.03475,0.833,0.085,0.04725
thompson,128,1533.0,1528.0772485509185,261.7289033727116,0.02475,0.479,0.455,0.04125
thompson,129,1590.0,1552.362103150347,218.4605199044325,0.02775,0.80925,0.09275,0.07025
thompson,130,1576.0,1566.3758447946195,228.16726955560648,0.0255,0.792,0.0795,0.103
thompson,131,1552.0,1552.455179053985,240.7820165962826,0.036,0.755,0.13175,0.07725
thompson,132,1529.0,1537.5671077213228,252.3606370245875,0.02975,0.62375,0.23575,0.11075
thompson,133,1561.0,1549.4618319896258,232.37114899081772,0.03075,0.72725,0.17325,0.06875
thompson,134,1584.0,1543.622431945313,244.74104602768008,0.03475,0.62625,0.28725,0.05175
thompson,135,1510.0,1488.8491874956771,285.8013899983806,0.032,0.407,0.1755,0.3855
thompson,136,1611.0,1557.5649839791704,247.39135435041487,0.0395,0.71525,0.033,0.21225
thompson,137,1563.0,1558.6642864343753,225.11830520881605,0.03325,0.8105,0.082,0.07425
thompson,138,1597.0,1552.760106621799,235.3441464993357,0.035,0.76175,0.1235,0.07975
thompson,139,1480.0,1481.7635503554563,305.76421836379257,0.05325,0.24125,0.53,0.1755
thompson,140,1584.0,1563.3634287879654,226.7956891791971,0.024,0.779,0.078,0.119
thompson,141,1456.0,1504.8614099907404,289.22973226822427,0.0245,0.387,0.22075,0.36775
thompson,142,1579.0,1522.1954060840806,258.1229967937138,0.0365,0.585,0.142,0.2365
thompson,143,1453.0,1462.4532043261347,323.8459800875375,0.02725,0.10775,0.45625,0.40875
thompson,144,1503.0,1524.640921211069,269.774547564367,0.03275,0.443,0.3295,0.19475
thompson,145,1564.0,1568.7756879321587,233.1123943155565,0.029,0.69225,0.20825,0.0705
thompson,146,1582.0,1581.1928894674288,214.0812731710611,0.0275,0.85775,0.077,0.03775
thompson,147,1501.0,1516.086185348655,272.0816326057391,0.0255,0.4615,0.36425,0.14875
thompson,148,1546.0,1523.3871103409142,269.3852520592667,0.0325,0.45975,0.39025,0.1175
thompson,149,1601.0,1576.6831167406085,233.3087482122543,0.0415,0.793,0.1195,0.046
thompson,150,1614.0,1565.735504021934,213.7432597907747,0.02875,0.811,0.11025,0.05
thompson,151,1499.0,1545.982356684575,232.802770439104,0.02275,0.68275,0.1085,0.186
thompson,152,1502.0,1508.7274641623876,287.9588263359404,0.04075,0.47975,0.153,0.3265
thompson,153,1587.0,1562.1543694478453,236.2185822422903,0.022,0.74075,0.11775,0.1195
thompson,154,1453.0,1502.8425635227802,284.2219374229278,0.03125,0.3455,0.573,0.05025
thompson,155,1506.0,1531.052098387733,234.25136614575095,0.03425,0.7675,0.0425,0.15575
thompson,156,1519.0,1529.507916376642,254.6082289553259,0.0345,0.6595,0.16775,0.13825
thompson,157,1423.0,1463.284140117156,321.82110065152983,0.06125,0.2525,0.42125,0.265
thompson,158,1530.0,1534.445774576591,248.22919364330176,0.0305,0.58425,0.2155,0.16975
thompson,159,1527.0,1535.5780735609314,249.6443277502468,0.0225,0.61975,0.2105,0.14725
thompson,160,1572.0,1588.683661314381,222.21962375787285,0.0245,0.82775,0.072,0.07575
thompson,161,1541.0,1544.8710825350154,245.39968026467145,0.03175,0.6885,0.10025,0.1795
thompson,162,1616.0,1589.51141326377,211.48723558198145,0.02625,0.86,0.06375,0.05
thompson,163,1400.0,1466.635864701499,301.1904967185926,0.0315,0.357,0.138,0.4735
thompson,164,1506.0,1526.6760458173378,276.3073890385182,0.0425,0.499,0.25725,0.20125
thompson,165,1580.0,1546.4214059204132,240.22259207762565,0.0305,0.7135,0.13775,0.11825
thompson,166,1503.0,1541.7704695030402,246.23412049786407,0.02975,0.6205,0.30275,0.047
thompson,167,1533.0,1515.597700449196,278.8327433955069,0.04625,0.49825,0.323,0.1325
thompson,168,1565.0,1583.3426686253129,224.39764760057076,0.0415,0.85775,0.074,0.02675
thompson,169,1563.0,1573.9558285286146,226.0789414894241,0.02725,0.755,0.16625,0.0515
thompson,170,1589.0,1518.8088902794768,256.42757951115,0.02825,0.5955,0.27625,0.1
thompson,171,1528.0,1547.8364669062537,233.81359869429545,0.0275,0.69125,0.1655,0.11575
thompson,172,1544.0,1554.7585448458876,226.66927747460704,0.039,0.79325,0.09975,0.068
thompson,173,1592.0,1572.2174180188133,220.0537441710128,0.03775,0.77875,0.118,0.0655
thompson,174,1488.0,1517.0779519537157,282.11776964272315,0.045,0.477,0.23325,0.24475
thompson,175,1581.0,1562.507720538783,233.7084376312008,0.0285,0.72275,0.086,0.16275
thompson,176,1540.0,1539.0686181866377,242.93790392748548,0.02725,0.652,0.198,0.12275
thompson,177,1606.0,1556.80826047578,231.8668792117308,0.02625,0.793,0.03475,0.146
thompson,178,1575.0,1550.420899915321,242.5721116068274,0.04725,0.67625,0.20875,0.06775
thompson,179,1492.0,1521.4034930723806,275.6788310970276,0.0305,0.38875,0.498,0.08275
thompson,180,1559.0,1572.5224615997488,244.4124687183668,0.037,0.73825,0.06425,0.1605
thompson,181,1502.0,1537.2045457411086,245.97321389250544,0.0265,0.6985,0.04825,0.22675
thompson,182,1593.0,1584.414409495555,214.95591042795007,0.0345,0.85025,0.05675,0.0585
thompson,183,1602.0,1567.277758745675,213.4038506468102,0.0255,0.861,0.0355,0.078
thompson,184,1548.0,1547.3902755319075,237.8250161717937,0.025,0.65975,0.2665,0.04875
thompson,185,1531.0,1538.3450989009905,245.3583873127529,0.04275,0.72075,0.142,0.0945
thompson,186,1559.0,1536.0676284904482,246.88966880495943,0.02325,0.582,0.31875,0.076
thompson,187,1527.0,1559.8491720148995,232.81658347840693,0.03175,0.73875,0.14325,0.08625
thompson,188,1547.0,1574.5514800040796,221.116713704895,0.03475,0.859,0.0545,0.05175
thompson,189,1489.0,1542.8389086729026,235.78920631972304,0.023,0.64575,0.2475,0.08375
thompson,190,1486.0,1488.041010541279,295.66131548780925,0.04075,0.263,0.4705,0.22575
thompson,191,1492.0,1524.9310773977595,259.4166505608269,0.0345,0.52625,0.38775,0.0515
thompson,192,1538.0,1513.8159031914147,273.6220200565757,0.0335,0.43325,0.40225,0.131
thompson,193,1537.0,1547.2714520013797,240.50640779212227,0.02425,0.7095,0.23,0.03625
thompson,194,1489.0,1480.1573502259669,305.5267515713914,0.03525,0.22975,0.52825,0.20675
thompson,195,1556.0,1549.7489218705457,234.9425509723668,0.03375,0.781,0.07775,0.1075
thompson,196,1612.0,1548.3268573350438,255.5430012323445,0.0205,0.644,0.12375,0.21175
thompson,197,1590.0,1580.5308118895289,227.42209076565337,0.033,0.82875,0.0645,0.07375
thompson,198,1582.0,1528.2413070142093,238.74169561486008,0.0225,0.69075,0.2375,0.04925
thompson,199,1575.0,1560.0165688710726,245.66126161879723,0.02025,0.62125,0.20875,0.14975
thompson,200,1522.0,1546.4380076822083,254.67889737599336,0.0235,0.579,0.2755,0.122
thompson,201,1472.0,1514.0835190738703,254.9186999050304,0.03225,0.60225,0.21725,0.14825
thompson,202,1545.0,1513.2975789483903,257.73174700130187,0.026,0.49575,0.4005,0.07775
thompson,203,1531.0,1554.0853474791393,242.81163512654572,0.02625,0.6805,0.0945,0.19875
thompson,204,1542.0,1540.716051944336,228.09895857994232,0.0455,0.84625,0.04125,0.067
thompson,205,1530.0,1529.1349252086156,266.4004723417712,0.0285,0.56325,0.19475,0.2135
thompson,206,1529.0,1532.1608004331638,241.24182262449065,0.041,0.753,0.09425,0.11175
thompson,207,1613.0,1534.6625779364226,257.60361873920283,0.04075,0.64075,0.08725,0.23125
thompson,208,1528.0,1522.8622052562184,268.2631030751946,0.033,0.48025,0.383,0.10375
thompson,209,1611.0,1577.3834186034078,225.94465454835185,0.029,0.80275,0.07825,0.09
thompson,210,1573.0,1546.4025152190688,234.4293779502181,0.02175,0.68625,0.2325,0.0595
thompson,211,1604.0,1582.7233251319442,230.1110762300484,0.0295,0.74375,0.13875,0.088
thompson,212,1561.0,1512.074232928558,278.05176532109897,0.0275,0.47675,0.23775,0.258
thompson,213,1631.0,1564.883066365595,220.94945620630224,0.0235,0.81725,0.05925,0.1
thompson,214,1550.0,1567.995039232862,237.42484277327,0.045,0.77075,0.03,0.15425
thompson,215,1569.0,1545.8053745743468,238.77374021797755,0.04225,0.76575,0.08725,0.10475
thompson,216,1498.0,1537.8089392195052,246.7695881010181,0.036,0.70325,0.11775,0.143
thompson,217,1570.0,1555.2814760207657,211.03163148234543,0.026,0.8815,0.03775,0.05475
thompson,218,1542.0,1547.4050848899724,245.8350422514233,0.03725,0.68875,0.177,0.097
thompson,219,1450.0,1459.2632215592075,303.1699208036818,0.03625,0.2785,0.326,0.35925
thompson,220,1573.0,1583.626333440441,215.36502997244725,0.03625,0.89225,0.025,0.0465
thompson,221,1515.0,1528.4301966129697,248.06762433250248,0.02925,0.64925,0.15225,0.16925
thompson,222,1541.0,1543.9265374925826,241.78673042721576,0.03375,0.67225,0.20575,0.08825
thompson,223,1548.0,1541.7529692530156,249.8401125239298,0.03025,0.68475,0.215,0.07
thompson,224,1525.0,1548.9063465000402,243.6814713603569,0.03225,0.6565,0.254,0.05725
thompson,225,1476.0,1452.4674994843665,333.72139601359777,0.04725,0.086,0.59,0.27675
thompson,226,1498.0,1494.042867617841,290.079119573915,0.053,0.38825,0.366,0.19275
thompson,227,1507.0,1515.844518138816,280.0697367176525,0.04175,0.449,0.39925,0.11
thompson,228,1509.0,1533.3026345873411,267.62844421059486,0.049,0.52975,0.3375,0.08375
thompson,229,1526.0,1538.1266450485837,246.4051782973256,0.04175,0.656,0.25425,0.048
thompson,230,1544.0,1504.648261182569,286.4872917780244,0.033,0.3205,0.565,0.0815
thompson,231,1523.0,1503.3527705167676,261.80517569337644,0.03625,0.57775,0.17175,0.21425
thompson,232,1558.0,1552.9305064597154,235.09601990151333,0.03275,0.77575,0.11375,0.07775
thompson,233,1515.0,1532.924177014826,242.1617742631093,0.03375,0.7575,0.1145,0.09425
thompson,234,1560.0,1499.5069087790907,309.04337360223985,0.04975,0.25525,0.5305,0.1645
thompson,235,1437.0,1474.745593745984,328.6919989786245,0.02575,0.08825,0.60675,0.27925
thompson,236,1541.0,1557.8698443998187,240.57919063270455,0.0295,0.69975,0.1715,0.09925
thompson,237,1570.0,1562.5208033192248,245.67935923710968,0.0295,0.63,0.21075,0.12975
thompson,238,1545.0,1544.833165632967,248.7522553578562,0.04675,0.688,0.1795,0.08575
thompson,239,1556.0,1560.0793550300502,236.37587556342248,0.03025,0.72,0.09725,0.1525
thompson,240,1576.0,1550.3316972534762,235.82688611501771,0.02525,0.70125,0.2215,0.052
thompson,241,1608.0,1552.8055926949946,234.8422213814809,0.03525,0.704,0.18275,0.078
thompson,242,1527.0,1562.9778319273678,230.150536381186,0.02525,0.762,0.12425,0.0885
thompson,243,1460.0,1514.766348326062,283.46991020278256,0.02675,0.39875,0.37825,0.19625
thompson,244,1545.0,1532.1549185443498,256.93743554836885,0.0275,0.54375,0.2925,0.13625
thompson,245,1551.0,1549.571391804924,237.1773788189371,0.02525,0.71225,0.1055,0.157
thompson,246,1596.0,1560.8227908262238,242.6679714657561,0.0305,0.70825,0.13975,0.1215
thompson,247,1628.0,1562.5226270122175,236.6533363492272,0.0295,0.73525,0.0925,0.14275
thompson,248,1562.0,1562.008523432178,222.8629799366985,0.03075,0.784,0.158,0.02725
thompson,249,1557.0,1551.4842532123166,236.44274623325688,0.04,0.7445,0.15775,0.05775
thompson,250,1508.0,1518.7730261471063,266.7504780370625,0.04075,0.50325,0.32375,0.13225
thompson,251,1580.0,1546.7340408751115,243.81577706635903,0.0305,0.737,0.06325,0.16925
thompson,252,1577.0,1566.4977003363035,231.41016052388957,0.02475,0.7495,0.1745,0.05125
thompson,253,1538.0,1522.461189253476,269.32933229222544,0.03125,0.50475,0.25225,0.21175
thompson,254,1571.0,1567.701451568254,235.45237464759148,0.0345,0.76575,0.02875,0.171
thompson,255,1543.0,1546.4778060958242,247.0634938034872,0.027,0.60075,0.33375,0.0385
thompson,256,1444.0,1462.8931661058114,315.64260078689193,0.04375,0.22425,0.33875,0.39325
thompson,257,1482.0,1526.8221376577503,244.3348128135553,0.02425,0.66775,0.214,0.094
thompson,258,1578.0,1572.0012615521257,215.2560113943743,0.038,0.89475,0.026,0.04125
thompson,259,1505.0,1523.832053237933,258.40694553595586,0.03225,0.5235,0.386,0.05825
thompson,260,1571.0,1572.6825921675395,235.37622793718336,0.022,0.762,0.0465,0.1695
thompson,261,1472.0,1494.4823817596102,300.55323673389387,0.03225,0.38375,0.061,0.523
thompson,262,1588.0,1545.2782344570385,226.31883741262536,0.03025,0.822,0.058,0.08975
thompson,263,1507.0,1521.1039037802525,247.40396026348668,0.0245,0.6705,0.20225,0.10275
thompson,264,1509.0,1497.3609099706862,277.91237936448994,0.034,0.36275,0.486,0.11725
thompson,265,1597.0,1540.2120973434287,241.3670585183941,0.03275,0.716,0.1545,0.09675
thompson,266,1500.0,1536.051242506414,252.36993988059837,0.02975,0.58875,0.1895,0.192
thompson,267,1505.0,1539.1460602970456,240.7006915324866,0.029,0.71225,0.14025,0.1185
thompson,268,1569.0,1541.0292690583888,237.61222341479893,0.03575,0.7345,0.15125,0.0785
thompson,269,1557.0,1550.460736007259,255.68534171327164,0.03625,0.70025,0.0975,0.166
thompson,270,1534.0,1570.8053216838766,225.10843091414552,0.02675,0.80075,0.08,0.0925
thompson,271,1587.0,1561.7511439524255,222.24804561642728,0.028,0.82325,0.06025,0.0885
thompson,272,1566.0,1547.5438364075917,237.45050253228015,0.03025,0.70875,0.223,0.038
thompson,273,1468.0,1481.6348649606484,297.5850484053348,0.03575,0.2915,0.5025,0.17025
thompson,274,1502.0,1471.7469904941029,319.1071054641825,0.0265,0.207,0.31625,0.45025
thompson,275,1534.0,1540.4055103513715,249.41071569632737,0.02575,0.58175,0.33175,0.06075
thompson,276,1538.0,1531.1756298044238,241.40409500591667,0.0425,0.7295,0.12,0.108
thompson,277,1573.0,1539.196007512999,260.7953082867307,0.028,0.56425,0.22175,0.186
thompson,278,1479.0,1524.006396172377,275.23101911506615,0.0335,0.44775,0.40025,0.1185
thompson,279,1623.0,1565.0319554229138,221.9430027859352,0.0265,0.77675,0.07025,0.1265
thompson,280,1551.0,1562.3466414827112,237.7378890789757,0.04975,0.7655,0.1225,0.06225
thompson,281,1521.0,1533.174013958886,261.31701960073406,0.03,0.612,0.092,0.266
thompson,282,1512.0,1510.3703240611162,280.5075690953628,0.03625,0.41925,0.4,0.1445
thompson,283,1599.0,1578.266934789889,228.8880616559713,0.03125,0.69275,0.2125,0.0635
thompson,284,1581.0,1573.575924486417,225.53591357302676,0.0295,0.82125,0.07275,0.0765
thompson,285,1496.0,1542.9033521948254,249.6633403317697,0.041,0.677,0.143,0.139
thompson,286,1578.0,1552.637595559772,249.55401815514168,0.052,0.70125,0.09025,0.1565
thompson,287,1576.0,1552.577268931169,242.42651829987585,0.0275,0.69175,0.0935,0.18725
thompson,288,1583.0,1568.5431653961373,223.5075209264805,0.02575,0.7795,0.1235,0.07125
thompson,289,1558.0,1548.2123115467878,238.18593639526853,0.04275,0.75675,0.10525,0.09525
thompson,290,1496.0,1538.5182369845056,250.0594327783432,0.03875,0.67075,0.20575,0.08475
thompson,291,1544.0,1562.4623607854442,242.79526367471524,0.03475,0.68825,0.23075,0.04625
thompson,292,1605.0,1567.653428735617,229.02015454493383,0.03225,0.79525,0.122,0.0505
thompson,293,1471.0,1526.8771869526686,274.7898218776194,0.0305,0.50525,0.187,0.27725
thompson,294,1539.0,1533.542680864029,257.2479887691396,0.0465,0.63325,0.0695,0.25075
thompson,295,1572.0,1597.6440329328657,213.6218154737542,0.02675,0.8455,0.09825,0.0295
thompson,296,1513.0,1529.6075178424855,242.241977313858,0.04075,0.71025,0.158,0.091
thompson,297,1493.0,1512.295956563441,275.10870346244764,0.0425,0.55725,0.10325,0.297
thompson,298,1550.0,1541.31132229728,229.0408990643171,0.03325,0.80725,0.05075,0.10875
thompson,299,1554.0,1574.7006793510368,242.6535416815294,0.032,0.692,0.24475,0.03125
ucb1,0,1543.0,1559.0361842364362,240.27774211496993,0.02675,0.68275,0.16225,0.12825
ucb1,1,1538.0,1557.756317459381,248.8410458936255,0.023,0.61875,0.17975,0.1785
ucb1,2,1464.0,1489.2188938688491,266.33171360231813,0.0385,0.48975,0.3355,0.13625
ucb1,3,1566.0,1559.491069517111,226.76211122470258,0.01225,0.74425,0.1255,0.118
ucb1,4,1517.0,1546.4796777029164,244.20629692616956,0.0225,0.6815,0.14525,0.15075
ucb1,5,1528.0,1524.7216725366015,258.18067559627394,0.03425,0.62975,0.1705,0.1655
ucb1,6,1612.0,1563.1954398012876,244.1815544116346,0.03775,0.67225,0.1855,0.1045
ucb1,7,1500.0,1500.6381821045845,289.4654576732241,0.04,0.507,0.09425,0.35875
ucb1,8,1540.0,1493.41613589682,287.5340123312053,0.06475,0.50025,0.252,0.183
ucb1,9,1551.0,1570.3902287834976,236.2868377810278,0.04525,0.747,0.094,0.11375
ucb1,10,1472.0,1474.9365502148394,309.8037109172267,0.0495,0.29275,0.4545,0.20325
ucb1,11,1515.0,1519.6166159262511,279.87447556960507,0.02025,0.492,0.138,0.34975
ucb1,12,1547.0,1542.880201387216,240.25227970817002,0.0325,0.7015,0.18025,0.08575
ucb1,13,1543.0,1538.640992956553,266.63415590740163,0.036,0.59875,0.1325,0.23275
ucb1,14,1564.0,1547.4257981436485,245.24209009394852,0.03,0.67425,0.16775,0.128
ucb1,15,1542.0,1563.2421101551463,243.09237202389875,0.029,0.7085,0.174,0.0885
ucb1,16,1555.0,1534.4427238033973,244.66817016885759,0.018,0.5855,0.2845,0.112
ucb1,17,1481.0,1549.3170638488668,262.48069259291213,0.0375,0.60325,0.231,0.12825
ucb1,18,1553.0,1540.2695284546057,252.59019636800315,0.0315,0.58925,0.24375,0.1355
ucb1,19,1559.0,1543.3717066975157,262.30786058110857,0.0305,0.57925,0.15325,0.237
ucb1,20,1511.0,1527.9193960957991,273.2608490678136,0.02425,0.518,0.2095,0.24825
ucb1,21,1572.0,1535.0863970054615,253.70052408613915,0.0145,0.575,0.246,0.1645
ucb1,22,1549.0,1507.7768225302598,282.6514334967692,0.0395,0.4855,0.202,0.273
ucb1,23,1550.0,1526.9615291382709,276.6034882549437,0.0565,0.55475,0.174,0.21475
ucb1,24,1517.0,1527.9240496728353,253.51146207441892,0.03075,0.613,0.25325,0.103
ucb1,25,1453.0,1484.1575026689873,306.922659132075,0.071,0.3925,0.34075,0.19575
ucb1,26,1549.0,1548.3063961419173,225.62507228049984,0.01225,0.712,0.14225,0.1335
ucb1,27,1478.0,1506.049167984339,284.1987390856633,0.0575,0.5075,0.2025,0.2325
ucb1,28,1551.0,1549.1645488472418,244.86334998253574,0.041,0.74425,0.081,0.13375
ucb1,29,1512.0,1488.560763570556,295.0780305523027,0.02575,0.26075,0.53575,0.17775
ucb1,30,1513.0,1538.8243598645067,252.0869612962988,0.04925,0.721,0.087,0.14275
ucb1,31,1525.0,1557.816862197268,225.43936306992592,0.02225,0.74275,0.14475,0.09025
ucb1,32,1561.0,1551.191732422702,241.3844384141586,0.0205,0.6635,0.15425,0.16175
ucb1,33,1503.0,1527.1497248617693,269.59358875304815,0.01625,0.51325,0.1085,0.362
ucb1,34,1488.0,1514.4588077454875,257.04727555430895,0.0395,0.61775,0.2195,0.12325
ucb1,35,1528.0,1532.4785664266367,245.35104256167622,0.04,0.65475,0.19825,0.107
ucb1,36,1557.0,1514.4665981890457,264.1356673876644,0.03075,0.4975,0.34525,0.1265
ucb1,37,1545.0,1550.7423975386266,250.62395061367968,0.03875,0.57375,0.27625,0.11125
ucb1,38,1588.0,1543.535914651338,254.56356495364747,0.0335,0.55525,0.3425,0.06875
ucb1,39,1523.0,1532.5926713600256,251.90087620456927,0.04,0.5905,0.202,0.1675
ucb1,40,1492.0,1513.3607500879002,265.7507642880082,0.038,0.58575,0.143,0.23325
ucb1,41,1506.0,1512.652857433302,269.4987187088642,0.021,0.48625,0.262,0.23075
ucb1,42,1474.0,1483.1578129245122,301.09892819679067,0.046,0.35425,0.1775,0.42225
ucb1,43,1530.0,1521.699636290296,267.3112894997481,0.0465,0.63025,0.0715,0.25175
ucb1,44,1587.0,1564.5419691392706,245.96803496905846,0.043,0.63975,0.176,0.14125
ucb1,45,1541.0,1559.2077033514997,242.97894269467503,0.0325,0.65475,0.19975,0.113
ucb1,46,1570.0,1533.3419304609001,257.82359223376284,0.0325,0.55125,0.26775,0.1485
ucb1,47,1534.0,1547.2728902984431,252.22548473488212,0.037,0.6315,0.12475,0.20675
ucb1,48,1511.0,1521.75552739853,253.60560293195792,0.0315,0.61575,0.22225,0.1305
ucb1,49,1578.0,1533.4127757243818,260.70171971988475,0.04575,0.61125,0.184,0.159
ucb1,50,1547.0,1517.6112223571636,269.2596873620977,0.0315,0.508,0.33275,0.12775
ucb1,51,1541.0,1531.4981781528738,269.1228777607556,0.031,0.56125,0.265,0.14275
ucb1,52,1489.0,1519.3796473830862,271.78496480177097,0.055,0.595,0.13,0.22
ucb1,53,1563.0,1523.0985867183297,261.78342281922187,0.02825,0.525,0.246,0.20075
ucb1,54,1519.0,1560.984917709636,232.8317444357566,0.0365,0.77325,0.1515,0.03875
ucb1,55,1583.0,1534.0124142482534,259.64502558538334,0.05125,0.65375,0.1835,0.1115
ucb1,56,1533.0,1505.8593947659215,274.9541559142448,0.05175,0.54175,0.25225,0.15425
ucb1,57,1567.0,1543.1439666812405,231.5280730470207,0.018,0.681,0.225,0.076
ucb1,58,1483.0,1514.052710837756,265.122713951494,0.0425,0.56175,0.27425,0.1215
ucb1,59,1505.0,1520.425349095522,269.9488230384942,0.03375,0.50475,0.295,0.1665
ucb1,60,1541.0,1529.555581626238,253.94674474592057,0.0205,0.58775,0.2145,0.17725
ucb1,61,1537.0,1541.5848468597121,260.30659096093495,0.0275,0.60525,0.1795,0.18775
ucb1,62,1530.0,1530.5205850394493,271.76143536376134,0.03925,0.46375,0.43575,0.06125
ucb1,63,1520.0,1517.9254425943245,270.56899042123064,0.04,0.53825,0.217,0.20475
ucb1,64,1587.0,1540.4677560938426,257.5811775254157,0.041,0.64225,0.2045,0.11225
ucb1,65,1544.0,1524.4336649993033,266.20703639373903,0.02725,0.5175,0.2285,0.22675
ucb1,66,1488.0,1514.3830017379441,250.22642843218682,0.042,0.622,0.24575,0.09025
ucb1,67,1575.0,1523.2757136163539,263.11203888866385,0.028,0.585,0.13625,0.25075
ucb1,68,1529.0,1514.5187727405917,286.20150976180236,0.03675,0.48425,0.2805,0.1985
ucb1,69,1489.0,1542.480735566362,245.21129266841035,0.03225,0.67175,0.14725,0.14875
ucb1,70,1462.0,1509.922051221537,278.2155061088962,0.04875,0.4385,0.356,0.15675
ucb1,71,1542.0,1510.676479360316,283.80750417669014,0.04225,0.3815,0.39075,0.1855
ucb1,72,1522.0,1530.3628536798492,267.9573450920008,0.03575,0.48225,0.34875,0.13325
ucb1,73,1497.0,1521.9586949714117,263.3877103199477,0.0485,0.61975,0.16875,0.163
ucb1,74,1493.0,1491.4376525061757,273.8217704441529,0.07025,0.57825,0.27125,0.08025
ucb1,75,1487.0,1517.72955930965,283.7338589847659,0.0345,0.5005,0.101,0.364
ucb1,76,1576.0,1526.2258165179728,260.99442830697615,0.04425,0.57275,0.32825,0.05475
ucb1,77,1508.0,1501.7350741298133,293.4257189021322,0.0255,0.3965,0.26,0.318
ucb1,78,1498.0,1525.3476852559354,277.9926472112181,0.0195,0.41825,0.37825,0.184
ucb1,79,1504.0,1504.8676854112812,293.2587173423076,0.04125,0.38175,0.34125,0.23575
ucb1,80,1442.0,1514.7707552096015,272.21930717876353,0.042,0.49875,0.34225,0.117
ucb1,81,1526.0,1515.6025766468256,270.64605082068806,0.0405,0.4615,0.32125,0.17675
ucb1,82,1494.0,1506.1211823425933,271.837212388843,0.0435,0.576,0.14575,0.23475
ucb1,83,1573.0,1529.7925381006362,242.1476121832884,0.02475,0.658,0.16225,0.155
ucb1,84,1512.0,1509.7241782060494,272.92664858661306,0.02325,0.46225,0.37725,0.13725
ucb1,85,1607.0,1550.5705331413083,250.2163341066767,0.0325,0.66625,0.16175,0.1395
ucb1,86,1546.0,1522.922551771012,264.51732786316524,0.03925,0.55175,0.22125,0.18775
ucb1,87,1544.0,1540.2646325306823,237.00987017937058,0.044,0.72225,0.159,0.07475
ucb1,88,1518.0,1521.3111034617132,244.51805514781222,0.02925,0.587,0.2215,0.16225
ucb1,89,1585.0,1551.746870971749,238.2044234020615,0.02,0.62075,0.20225,0.157
ucb1,90,1480.0,1501.5287294288928,296.39174978699606,0.05425,0.4095,0.33175,0.2045
ucb1,91,1526.0,1532.6434593205101,250.2613519687371,0.04375,0.71,0.141,0.10525
ucb1,92,1472.0,1492.321243587172,290.6642561705811,0.04475,0.45975,0.2095,0.286
ucb1,93,1533.0,1516.073777219086,265.4411023773382,0.04675,0.57975,0.30325,0.07025
ucb1,94,1596.0,1547.5697713627997,237.52244658576828,0.03,0.68325,0.179,0.10775
ucb1,95,1524.0,1511.5752237496424,268.64351098608415,0.04125,0.49625,0.22575,0.23675
ucb1,96,1514.0,1548.3388144023743,241.92281389309088,0.02575,0.6795,0.16475,0.13
ucb1,97,1531.0,1547.5639074637659,246.68843552281578,0.04775,0.713,0.16075,0.0785
ucb1,98,1533.0,1541.6407634173406,247.1230771769321,0.029,0.633,0.1785,0.1595
ucb1,99,1498.0,1526.8683503204388,275.1264910214713,0.0475,0.5805,0.16725,0.20475
ucb1,100,1525.0,1527.605760749645,274.11688742419005,0.0415,0.56625,0.107,0.28525
ucb1,101,1516.0,1514.2757698846813,267.63079088046175,0.03575,0.51675,0.239,0.2085
ucb1,102,1515.0,1539.0107080297055,257.14184868161453,0.0395,0.5625,0.21825,0.17975
ucb1,103,1529.0,1541.8677961419032,240.34715722513494,0.03,0.67725,0.21125,0.0815
ucb1,104,1542.0,1535.1887031286772,261.7213918328109,0.049,0.602,0.231,0.118
ucb1,105,1617.0,1558.8608277868361,231.36542289974403,0.02175,0.745,0.0885,0.14475
ucb1,106,1561.0,1555.3506686959863,241.42695321558395,0.01875,0.63325,0.1855,0.1625
ucb1,107,1475.0,1543.1707436450974,245.36148907863452,0.028,0.61825,0.2335,0.12025
ucb1,108,1501.0,1526.1504172258735,247.3783375240031,0.01875,0.643,0.21725,0.121
ucb1,109,1528.0,1525.5259386144849,270.3372047643468,0.0335,0.451,0.37075,0.14475
ucb1,110,1546.0,1500.325803069172,288.29109429941144,0.028,0.335,0.50425,0.13275
ucb1,111,1479.0,1523.3589947582414,272.0971036213997,0.04625,0.566,0.2285,0.15925
ucb1,112,1488.0,1505.9059476421676,276.73674651089027,0.05575,0.5245,0.3225,0.09725
ucb1,113,1575.0,1527.6962610996447,252.85760009248756,0.036,0.61975,0.277,0.06725
ucb1,114,1566.0,1539.363475315427,237.47788209924215,0.03,0.68475,0.16375,0.1215
ucb1,115,1537.0,1509.6369470464847,266.98152417398506,0.046,0.583,0.1315,0.2395
ucb1,116,1482.0,1530.4693728741217,261.78400485057585,0.05125,0.59675,0.2605,0.0915
ucb1,117,1498.0,1549.3283396873308,249.45186531183188,0.02525,0.56975,0.29925,0.10575
ucb1,118,1471.0,1524.9432356773036,260.45932378572206,0.0365,0.493,0.36225,0.10825
ucb1,119,1493.0,1533.3914091865204,265.9397742755362,0.0385,0.552,0.254,0.1555
ucb1,120,1539.0,1542.0436796119347,253.71921749536187,0.02975,0.62075,0.24775,0.10175
ucb1,121,1509.0,1514.3007342457481,288.2226054111154,0.04225,0.45675,0.29975,0.20125
ucb1,122,1487.0,1517.192698649364,278.23935250024175,0.03875,0.47375,0.275,0.2125
ucb1,123,1594.0,1582.7696086278293,213.1790013242939,0.017,0.81175,0.13225,0.039
ucb1,124,1474.0,1508.7913168912828,272.69471569179996,0.0225,0.436,0.38075,0.16075
ucb1,125,1546.0,1562.445051838374,238.01286801158756,0.0245,0.69975,0.15375,0.122
ucb1,126,1551.0,1528.3568435951427,255.61961570616506,0.03875,0.6465,0.13875,0.176
ucb1,127,1534.0,1537.8121054443086,246.19292204005012,0.0215,0.66025,0.2105,0.10775
ucb1,128,1527.0,1539.3715080513634,250.43464387226635,0.0365,0.63975,0.15825,0.1655
ucb1,129,1558.0,1532.6112929074952,238.21133014728423,0.02725,0.68475,0.1105,0.1775
ucb1,130,1516.0,1540.9813274675932,253.56178688263265,0.02175,0.59,0.226,0.16225
ucb1,131,1526.0,1524.0605861546264,269.1766094956412,0.0625,0.6475,0.15775,0.13225
ucb1,132,1503.0,1551.8163235049806,238.11142124092987,0.02325,0.74275,0.03625,0.19775
ucb1,133,1530.0,1538.759593300571,243.0733876798725,0.02625,0.66275,0.183,0.128
ucb1,134,1538.0,1543.2505575224545,245.11292045053855,0.04275,0.68475,0.204,0.0685
ucb1,135,1497.0,1504.7814744711723,269.8691030228857,0.0265,0.46125,0.2555,0.25675
ucb1,136,1568.0,1549.1244760439356,255.8318622856496,0.043,0.66525,0.19375,0.098
ucb1,137,1543.0,1538.1691574477904,245.61343419540088,0.02425,0.62275,0.14525,0.20775
ucb1,138,1595.0,1553.1342769883156,234.96997613281894,0.0175,0.72075,0.15225,0.1095
ucb1,139,1491.0,1521.9031570569864,265.62461166226257,0.029,0.4535,0.34075,0.17675
ucb1,140,1548.0,1530.0261286536884,260.13298931347424,0.04275,0.61125,0.18425,0.16175
ucb1,141,1475.0,1497.413079869119,296.6780623898459,0.0445,0.3635,0.3715,0.2205
ucb1,142,1535.0,1539.5559022316577,240.76250064613666,0.01825,0.65925,0.174,0.1485
ucb1,143,1516.0,1525.4279439243983,260.87124048927393,0.01675,0.51275,0.2655,0.205
ucb1,144,1542.0,1569.582642314966,224.83282646046996,0.0215,0.7745,0.13525,0.06875
ucb1,145,1557.0,1550.6388442064763,251.24923804123893,0.03425,0.6365,0.08925,0.24
ucb1,146,1521.0,1539.814150306481,255.46001233200883,0.0345,0.60825,0.15525,0.202
ucb1,147,1455.0,1500.1152559075258,288.05256204686816,0.044,0.39775,0.3585,0.19975
ucb1,148,1507.0,1535.4241057878835,257.3482566122973,0.03825,0.624,0.235,0.10275
ucb1,149,1585.0,1543.921486783132,266.07037816973093,0.03425,0.5895,0.2105,0.16575
ucb1,150,1582.0,1549.2349313089248,230.2438325037839,0.0395,0.774,0.10675,0.07975
ucb1,151,1462.0,1528.1817613978342,250.60336572584504,0.0505,0.681,0.15225,0.11625
ucb1,152,1520.0,1514.3967973060662,282.28949319226166,0.08125,0.55925,0.19925,0.16025
ucb1,153,1572.0,1540.8461843262069,257.5267673639288,0.026,0.5455,0.20375,0.22475
ucb1,154,1475.0,1515.2369533064148,271.82754763929313,0.04325,0.49775,0.32375,0.13525
ucb1,155,1479.0,1507.4542751630238,257.84918937046007,0.024,0.565,0.1705,0.2405
ucb1,156,1545.0,1522.7261932914805,261.3899520404873,0.03225,0.538,0.29525,0.1345
ucb1,157,1495.0,1527.7596728938452,257.3455678748404,0.02975,0.56925,0.21925,0.18175
ucb1,158,1503.0,1514.8534492639722,267.8215189559206,0.0295,0.458,0.3445,0.168
ucb1,159,1506.0,1516.3856137190912,268.83678759208703,0.0205,0.504,0.253,0.2225
ucb1,160,1604.0,1594.6839546819,216.2193303903536,0.008,0.7765,0.11075,0.10475
ucb1,161,1507.0,1498.9241985895371,291.34656421014995,0.0655,0.453,0.21825,0.26325
ucb1,162,1582.0,1558.4486435984948,242.55000524725665,0.033,0.69225,0.1135,0.16125
ucb1,163,1470.0,1505.0131737839129,262.81318763617855,0.0225,0.5355,0.2755,0.1665
ucb1,164,1525.0,1531.8484830564128,271.1349517994431,0.05425,0.57275,0.2025,0.1705
ucb1,165,1588.0,1520.2582647208774,266.3857332771614,0.0315,0.52625,0.298,0.14425
ucb1,166,1515.0,1518.4072800629783,269.59730993792607,0.024,0.4235,0.32925,0.22325
ucb1,167,1506.0,1515.3651910759834,279.06525276871974,0.058,0.55475,0.22825,0.159
ucb1,168,1534.0,1549.5329276346756,258.20738859120775,0.03475,0.6425,0.14675,0.176
ucb1,169,1558.0,1542.3284965433327,257.7062734747062,0.0505,0.6135,0.17075,0.16525
ucb1,170,1551.0,1526.1782551284273,249.0582146621996,0.02425,0.59425,0.31225,0.06925
ucb1,171,1519.0,1511.2358469925284,270.41421860802024,0.032,0.52575,0.27075,0.1715
ucb1,172,1453.0,1487.8319908000353,293.5958315204591,0.03875,0.3785,0.35025,0.2325
ucb1,173,1583.0,1530.4546307954045,261.81653139442165,0.031,0.52,0.30625,0.14275
ucb1,174,1485.0,1535.156894964904,264.03882663153496,0.02625,0.57525,0.18875,0.20975
ucb1,175,1538.0,1540.6661143571314,255.55004381285224,0.03475,0.60325,0.2335,0.1285
ucb1,176,1501.0,1515.2695973228988,266.73692479122445,0.04975,0.57975,0.1755,0.195
ucb1,177,1569.0,1544.0597783895564,244.61536129795434,0.03675,0.65525,0.10675,0.20125
ucb1,178,1589.0,1574.9295284702098,218.0634830519381,0.0255,0.8035,0.0655,0.1055
ucb1,179,1579.0,1537.0446162220023,260.0377079474059,0.025,0.55575,0.24475,0.1745
ucb1,180,1555.0,1561.9473158109033,254.98761450721224,0.042,0.65025,0.1825,0.12525
ucb1,181,1508.0,1525.50775845437,257.67000117924385,0.016,0.4985,0.27675,0.20875
ucb1,182,1564.0,1531.0812864040615,268.2890335194436,0.05775,0.55325,0.293,0.096
ucb1,183,1556.0,1524.0147083132954,256.6669010791899,0.03625,0.58225,0.2305,0.151
ucb1,184,1535.0,1537.1737126542228,248.04157904947866,0.0275,0.5635,0.293,0.116
ucb1,185,1492.0,1524.6356975555593,259.067788658184,0.0445,0.61075,0.1745,0.17025
ucb1,186,1554.0,1546.9160055902962,236.04129170511135,0.048,0.7455,0.0615,0.145
ucb1,187,1538.0,1497.448052102808,295.2177033904982,0.0595,0.444,0.32675,0.16975
ucb1,188,1512.0,1533.9875684277067,261.68062528126814,0.048,0.6165,0.16775,0.16775
ucb1,189,1507.0,1517.493681904713,261.1344330879129,0.039,0.56675,0.2315,0.16275
ucb1,190,1489.0,1515.7841786019658,267.9181474271229,0.061,0.61125,0.16325,0.1645
ucb1,191,1539.0,1525.7566812077152,258.5910467508712,0.02525,0.573,0.186,0.21575
ucb1,192,1543.0,1516.788616793684,270.6493064543064,0.03375,0.5405,0.22025,0.2055
ucb1,193,1528.0,1516.863563719018,270.9142960744839,0.03975,0.517,0.27125,0.172
ucb1,194,1523.0,1532.5747599219485,253.10934187540977,0.0195,0.6325,0.0605,0.2875
ucb1,195,1558.0,1534.2599728911914,250.43149995172078,0.02025,0.61425,0.2535,0.112
ucb1,196,1560.0,1574.735327267899,229.1345312994893,0.03325,0.81275,0.06025,0.09375
ucb1,197,1561.0,1561.8423664663903,246.11053618879203,0.04025,0.6525,0.18275,0.1245
ucb1,198,1551.0,1495.925804465972,271.05719816309715,0.0255,0.46075,0.357,0.15675
ucb1,199,1558.0,1555.741830548574,249.9359999412958,0.02725,0.58625,0.29,0.0965
ucb1,200,1513.0,1542.19872137068,258.91818368752183,0.046,0.651,0.16,0.143
ucb1,201,1500.0,1474.5341392960593,294.4680796828413,0.02575,0.302,0.32725,0.345
ucb1,202,1537.0,1503.222139550978,267.80718639871424,0.03675,0.49125,0.175,0.297
ucb1,203,1523.0,1542.4891229962352,254.40785960944953,0.03675,0.57725,0.3395,0.0465
ucb1,204,1538.0,1528.3748770019445,240.4401335223339,0.032,0.66675,0.15375,0.1475
ucb1,205,1563.0,1523.8198950423503,271.7155025080365,0.045,0.53025,0.273,0.15175
ucb1,206,1527.0,1520.9882853808363,252.41433767681838,0.036,0.69025,0.0425,0.23125
ucb1,207,1536.0,1502.7634203166672,289.50277635895833,0.0555,0.465,0.21475,0.26475
ucb1,208,1491.0,1546.5242458487937,244.60106248261914,0.01825,0.65725,0.1185,0.206
ucb1,209,1635.0,1566.567959543867,236.76011360789275,0.01625,0.69575,0.154,0.134
ucb1,210,1506.0,1504.9917948099294,275.84009835935757,0.04725,0.5295,0.285,0.13825
ucb1,211,1626.0,1562.8191708720894,250.01523048990333,0.03875,0.67675,0.12125,0.16325
ucb1,212,1547.0,1547.8400552764629,242.28594297319424,0.04375,0.6825,0.111,0.16275
ucb1,213,1615.0,1532.0938705836143,253.7386519882828,0.06425,0.722,0.11175,0.102
ucb1,214,1568.0,1561.1045653187025,244.31531668742943,0.03825,0.6425,0.1985,0.12075
ucb1,215,1489.0,1524.0906976769381,260.4884171153862,0.0495,0.6395,0.18275,0.12825
ucb1,216,1456.0,1487.335424901114,297.2431024194095,0.0495,0.41425,0.3185,0.21775
ucb1,217,1492.0,1488.7745359340745,277.53857156903643,0.0385,0.44425,0.23325,0.284
ucb1,218,1429.0,1464.1790716421008,329.061055499295,0.0645,0.238,0.3935,0.304
ucb1,219,1473.0,1484.5250662639164,277.90807609897297,0.0455,0.51825,0.182,0.25425
ucb1,220,1525.0,1554.5181457132103,244.47321769967812,0.01675,0.58,0.2475,0.15575
ucb1,221,1528.0,1491.3663743848933,285.1314465605789,0.05375,0.4775,0.2825,0.18625
ucb1,222,1531.0,1545.5535531232504,240.1597147965482,0.03925,0.69125,0.096,0.1735
ucb1,223,1523.0,1520.2244629431996,271.36861883374587,0.0455,0.54225,0.243,0.16925
ucb1,224,1558.0,1529.4401866948938,263.1476311655033,0.03575,0.53675,0.22975,0.19775
ucb1,225,1488.0,1512.9707399213007,273.2181555766632,0.0315,0.43725,0.4595,0.07175
ucb1,226,1472.0,1521.3805412525376,262.7414459392186,0.04475,0.55925,0.3245,0.0715
ucb1,227,1557.0,1530.9922215774823,264.9220332789864,0.03475,0.54575,0.19075,0.22875
ucb1,228,1570.0,1546.7429610162787,254.18811778165707,0.0395,0.64525,0.13325,0.182
ucb1,229,1580.0,1532.0548739477135,252.47694939819542,0.028,0.618,0.2175,0.1365
ucb1,230,1551.0,1521.6960862109613,269.4394667496323,0.0445,0.529,0.26,0.1665
ucb1,231,1566.0,1522.4376495757037,242.72029663444025,0.02025,0.6025,0.3285,0.04875
ucb1,232,1540.0,1501.4906852432928,286.5358411179359,0.05475,0.4965,0.24875,0.2
ucb1,233,1498.0,1499.5695617910587,275.5163894868767,0.036,0.3735,0.554,0.0365
ucb1,234,1545.0,1563.6235496254726,244.9267327558582,0.019,0.62975,0.215,0.13625
ucb1,235,1531.0,1535.7616505002075,267.6759422244011,0.014,0.4925,0.2075,0.286
ucb1,236,1544.0,1547.0633759550362,251.38565907748685,0.0325,0.66175,0.2045,0.10125
ucb1,237,1509.0,1538.0575280370401,270.14263451929435,0.04375,0.55825,0.2455,0.1525
ucb1,238,1544.0,1524.1488162403662,269.43660475045704,0.04125,0.55525,0.25125,0.15225
ucb1,239,1532.0,1536.865550301634,259.58968029183876,0.0305,0.54425,0.2795,0.14575
ucb1,240,1507.0,1514.4551496820145,271.70343368647934,0.054,0.56775,0.2705,0.10775
ucb1,241,1549.0,1540.7088649852126,246.93894909126266,0.04175,0.6335,0.2595,0.06525
ucb1,242,1523.0,1511.2578558491355,281.870512459418,0.03775,0.45775,0.2435,0.261
ucb1,243,1481.0,1519.638085046054,278.59817348279086,0.03675,0.47025,0.35575,0.13725
ucb1,244,1503.0,1528.3055047029443,260.7868493897745,0.04125,0.6045,0.2005,0.15375
ucb1,245,1517.0,1527.6601518368827,259.0886187869782,0.0265,0.577,0.1985,0.198
ucb1,246,1552.0,1542.5611514853456,260.9296108066346,0.02925,0.57525,0.27275,0.12275
ucb1,247,1624.0,1556.0403436897213,243.13561967172313,0.0355,0.658,0.17125,0.13525
ucb1,248,1509.0,1516.3104049788383,268.5610983900382,0.04175,0.5255,0.31225,0.1205
ucb1,249,1559.0,1535.0887747744746,252.8382246710988,0.03975,0.626,0.18375,0.1505
ucb1,250,1525.0,1508.1132927445913,277.4102114395776,0.041,0.48275,0.25375,0.2225
ucb1,251,1559.0,1548.5132816248884,242.0365363165822,0.03,0.66,0.23725,0.07275
ucb1,252,1586.0,1571.242343346831,226.66551751336212,0.017,0.74,0.119,0.124
ucb1,253,1521.0,1535.5766535028351,256.2138680428666,0.02,0.5675,0.2465,0.166
ucb1,254,1580.0,1550.1210661533585,253.03276006248694,0.036,0.6085,0.223,0.1325
ucb1,255,1586.0,1536.2814593715568,257.25984052775453,0.047,0.65225,0.17975,0.121
ucb1,256,1469.0,1494.8512149357084,283.68455195699494,0.02875,0.3665,0.41875,0.186
ucb1,257,1513.0,1487.4779210388438,283.67902943246224,0.0185,0.461,0.15675,0.36375
ucb1,258,1564.0,1540.7975397507307,246.4597331957692,0.017,0.62375,0.14925,0.21
ucb1,259,1528.0,1520.777024085216,261.46197468867274,0.041,0.5655,0.24075,0.15275
ucb1,260,1575.0,1526.0459546443394,282.01286546038347,0.02775,0.39125,0.4435,0.1375
ucb1,261,1456.0,1457.1535279049976,337.8820905885064,0.05525,0.1625,0.304,0.47825
ucb1,262,1555.0,1529.5889621695742,242.00810970008962,0.0235,0.69325,0.16525,0.118
ucb1,263,1492.0,1508.6051555905096,259.90270845322914,0.046,0.63425,0.151,0.16875
ucb1,264,1533.0,1502.580210826812,272.6930785083644,0.03325,0.505,0.253,0.20875
ucb1,265,1570.0,1535.8731064628423,245.70604939898024,0.032,0.67725,0.227,0.06375
ucb1,266,1523.0,1536.6724084892635,251.74877389774866,0.01075,0.526,0.3125,0.15075
ucb1,267,1519.0,1518.3192783278278,261.5274735017044,0.01425,0.49075,0.33875,0.15625
ucb1,268,1554.0,1526.889935277468,251.7515571957196,0.0205,0.56125,0.3035,0.11475
ucb1,269,1566.0,1533.3975034138343,272.748574306696,0.03675,0.5255,0.29275,0.145
ucb1,270,1522.0,1494.8103163044925,301.1034362935293,0.039,0.3795,0.2505,0.331
ucb1,271,1573.0,1510.668146887942,273.3310426809112,0.0365,0.49375,0.193,0.27675
ucb1,272,1513.0,1458.6961406915564,326.29819824831566,0.06125,0.26325,0.32675,0.34875
ucb1,273,1582.0,1524.5050312253,254.71488214068302,0.048,0.6195,0.25425,0.07825
ucb1,274,1529.0,1535.2835038560124,255.57059210227288,0.0355,0.5815,0.20125,0.18175
ucb1,275,1550.0,1495.5943017133425,294.2219243343567,0.05825,0.40525,0.22775,0.30875
ucb1,276,1502.0,1517.2086650679782,255.37105974236235,0.02025,0.6125,0.1705,0.19675
ucb1,277,1565.0,1507.470272472697,292.52104332703254,0.0325,0.368,0.423,0.1765
ucb1,278,1507.0,1527.7175447811308,271.5198705063124,0.06625,0.58275,0.30975,0.04125
ucb1,279,1608.0,1537.7206841393595,249.25427406948933,0.03575,0.635,0.21375,0.1155
ucb1,280,1553.0,1538.3004275414924,261.7841030201949,0.054,0.62425,0.17675,0.145
ucb1,281,1489.0,1521.633031474164,272.85800208545584,0.0395,0.50825,0.17325,0.279
ucb1,282,1542.0,1521.847515207903,269.03037794857596,0.0365,0.47175,0.327,0.16475
ucb1,283,1559.0,1533.970244716157,273.1847517297034,0.03675,0.474,0.3625,0.12675
ucb1,284,1549.0,1556.4107417886416,242.70109627080197,0.04725,0.746,0.1295,0.07725
ucb1,285,1485.0,1499.4972860029898,293.0694065236055,0.06025,0.43625,0.286,0.2175
ucb1,286,1557.0,1540.465361660702,261.7262520542117,0.062,0.6135,0.18825,0.13625
ucb1,287,1550.0,1564.175975496013,230.82781173503213,0.01475,0.6715,0.22575,0.088
ucb1,288,1556.0,1529.2295534123627,262.82113291025496,0.04175,0.53275,0.30275,0.12275
ucb1,289,1568.0,1548.8482619044275,237.5499860376285,0.02025,0.698,0.1615,0.12025
ucb1,290,1506.0,1512.8073017180795,275.7703680447692,0.03175,0.50175,0.2545,0.212
ucb1,291,1502.0,1550.028063101384,255.22956135877547,0.0205,0.645,0.10775,0.22675
ucb1,292,1553.0,1539.2305874192384,257.4429958613123,0.02475,0.55375,0.30325,0.11825
ucb1,293,1481.0,1534.9846806609537,266.6823281693338,0.0575,0.57175,0.2505,0.12025
ucb1,294,1525.0,1538.7088372493326,252.08183238383612,0.03425,0.634,0.159,0.17275
ucb1,295,1564.0,1577.6062653065128,233.65958310010677,0.0395,0.74225,0.08,0.13825
ucb1,296,1515.0,1512.780225880622,259.06926927572135,0.0135,0.4715,0.40275,0.11225
ucb1,297,1493.0,1510.2578595914529,277.14680043443605,0.0305,0.424,0.31025,0.23525
ucb1,298,1455.0,1494.9315505167867,275.4206708448103,0.038,0.4905,0.19525,0.27625
ucb1,299,1558.0,1567.5730063790545,249.78121465351157,0.0395,0.67175,0.22375,0.065
